fecha,Id_almacen,operaciones_diarias,eficiencia_diaria,volumen_operado,movimientos_diarios,cantidad_movida,ratio_volumen_eficiencia,clasificacion_rendimiento
2024-01-01,1,67,98.35820883067686,848.2199981212616,0,0,84822,Rendimiento Estándar
2024-01-01,2,68,104.25000006661695,847.5700037479401,2,1026.2899703979492,1538.52,Rendimiento Estándar
2024-01-01,3,52,98.71153820019501,687.2300029993057,1,402.5199890136719,1452.3,Rendimiento Estándar
2024-01-01,4,65,100.06153867794919,836.109995663166,2,133.04000282287598,1230.48,Rendimiento Estándar
2024-01-01,5,51,96.76470557848612,636.6199948787689,2,1055.3200073242188,2031.33,Rendimiento Estándar
2024-01-02,1,73,97.05479520640962,1015.1399986743927,0,0,101514,Rendimiento Estándar
2024-01-02,2,60,94.8166670401891,761.3699953556061,2,1512.2100219726562,798.84,Rendimiento Estándar
2024-01-02,3,63,103.28571427436101,796.2399995923042,0,0,79624,Rendimiento Estándar
2024-01-02,4,71,99.76056394442706,916.1900006532669,1,263.92999267578125,99585.87,Rendimiento Estándar
2024-01-02,5,53,101.28301933126629,604.9700008034706,0,0,60497,Rendimiento Estándar
2024-01-03,1,63,96.84126982613216,916.1999953985214,0,0,91620,Rendimiento Estándar
2024-01-03,2,71,99.04225359500293,943.3899953365326,0,0,94339,Rendimiento Estándar
2024-01-03,3,70,101.22857136385781,894.5499962568283,1,136.0500030517578,2255.55,Rendimiento Estándar
2024-01-03,4,58,101.48275823428715,707.2099962234497,0,0,70721,Rendimiento Estándar
2024-01-03,5,64,100.93749947845936,896.0900043845177,1,887.719970703125,8493.74,Rendimiento Estándar
2024-01-04,1,55,99.50909072702582,620.8700017333031,1,2.7799999713897705,1868.96,Rendimiento Estándar
2024-01-04,2,69,88.94202881965084,856.6799964904785,0,0,85668,Rendimiento Estándar
2024-01-04,3,59,97.76271177550494,755.6999986767769,1,79.98999786376953,1746.07,Rendimiento Estándar
2024-01-04,4,64,96.93750031292439,778.8499957323074,0,0,77885,Rendimiento Estándar
2024-01-04,5,61,98.95081979329468,766.059999525547,0,0,76606,Rendimiento Estándar
2024-01-05,1,63,95.47619043834625,785.8000029921532,0,0,78580,Rendimiento Estándar
2024-01-05,2,51,96.84313687623715,608.5900025963783,0,0,60859,Rendimiento Estándar
2024-01-05,3,61,99.45901681165226,617.7800006866455,0,0,61778,Rendimiento Estándar
2024-01-05,4,62,103.54838717368342,817.5299978256226,1,347.32000732421875,5945.67,Rendimiento Estándar
2024-01-05,5,68,102.4117648601532,988.5300025939941,1,978.72998046875,27009.02,Rendimiento Estándar
2024-01-06,1,75,98.66666650772095,919.2700005173683,0,0,91927,Rendimiento Estándar
2024-01-06,2,63,103.87301558539981,779.6999952793121,2,583.9599990844727,1202.68,Rendimiento Estándar
2024-01-06,3,70,100.85714263575419,810.0000004768372,0,0,81000,Rendimiento Estándar
2024-01-06,4,68,99.13235245382084,812.1300030350685,1,939.3200073242188,2311.13,Rendimiento Estándar
2024-01-06,5,59,99.96610142416873,693.3499993681908,1,269.6300048828125,5692.53,Rendimiento Estándar
2024-01-07,1,60,100.98333289225896,791.2000008225441,0,0,79120,Rendimiento Estándar
2024-01-07,2,59,99.52542377730548,763.0400055646896,0,0,76304,Rendimiento Estándar
2024-01-07,3,70,98.7285714490073,987.3000021576881,0,0,98730,Rendimiento Estándar
2024-01-07,4,75,97.90666635831197,948.1599995493889,1,612.5700073242188,12761.24,Rendimiento Estándar
2024-01-07,5,66,100.69696984507821,760.0700008273125,2,907.3900146484375,1283.25,Rendimiento Estándar
2024-01-08,1,58,102.22413848186362,844.5399947762489,0,0,84454,Rendimiento Estándar
2024-01-08,2,68,99.83823527308071,856.1200032830238,1,607.6699829101562,1736.2,Rendimiento Estándar
2024-01-08,3,63,102.14285670764862,828.1999974250793,0,0,82820,Rendimiento Estándar
2024-01-08,4,60,104.0499997138977,762.1600009202957,1,800.8300170898438,6780.78,Rendimiento Estándar
2024-01-08,5,57,96.80701766097755,752.7399995923042,1,858.9299926757812,3684.48,Rendimiento Estándar
2024-01-09,1,64,103.79687482491136,799.5100033283234,0,0,79951,Rendimiento Estándar
2024-01-09,2,51,102.03921479337356,749.8600010275841,0,0,74986,Rendimiento Estándar
2024-01-09,3,57,100.6842109194973,742.2199997901917,2,1452.3199462890625,2792.4,Rendimiento Estándar
2024-01-09,4,51,104.11764675495672,583.9300030469894,1,132.2100067138672,1710.9,Rendimiento Estándar
2024-01-09,5,50,99.7799996137619,655.6799988746643,1,558.8599853515625,1675.65,Rendimiento Estándar
2024-01-10,1,49,107.26530600567253,571.5200003385544,0,0,57152,Rendimiento Estándar
2024-01-10,2,74,98.68918939216717,1018.7400033473969,0,0,101874,Rendimiento Estándar
2024-01-10,3,58,100.63793083717083,713.9000017642975,0,0,71390,Rendimiento Estándar
2024-01-10,4,52,94.82692296688373,712.9599985480309,1,252.57000732421875,8417.47,Rendimiento Estándar
2024-01-10,5,64,98.29687550663948,744.2000025510788,0,0,74420,Rendimiento Estándar
2024-01-11,1,67,100.19402975466714,904.4200009703636,0,0,90442,Rendimiento Estándar
2024-01-11,2,52,96.90384658483359,680.1900060772896,0,0,68019,Rendimiento Estándar
2024-01-11,3,76,101.23684218055324,974.4199959039688,1,940.3300170898438,3633.18,Rendimiento Estándar
2024-01-11,4,46,100.32608651596566,587.7500036358833,1,505.5400085449219,2348.18,Rendimiento Estándar
2024-01-11,5,55,100.5818177353252,718.049999833107,0,0,71805,Rendimiento Estándar
2024-01-12,1,68,95.08823550799313,916.9399961233139,0,0,91694,Rendimiento Estándar
2024-01-12,2,55,97.76363578709689,781.8599988222122,0,0,78186,Rendimiento Estándar
2024-01-12,3,65,96.1384612780351,877.9099970459938,1,62.02000045776367,1802.69,Rendimiento Estándar
2024-01-12,4,65,102.3230765416072,902.3100055456161,2,876.8999824523926,1411.62,Rendimiento Estándar
2024-01-12,5,59,96.91525414838628,775.5000007152557,2,1010.0799789428711,1115.03,Rendimiento Estándar
2024-01-13,1,55,96.5818178653717,705.4599976539612,2,1043.2900085449219,934.14,Rendimiento Estándar
2024-01-13,2,68,104.41176488119012,806.6699991226196,0,0,80667,Rendimiento Estándar
2024-01-13,3,62,98.20967768469164,751.7099985480309,0,0,75171,Rendimiento Estándar
2024-01-13,4,51,102.39215750320285,643.5300048589706,0,0,64353,Rendimiento Estándar
2024-01-13,5,56,99.25000071525574,676.7400020360947,0,0,67674,Rendimiento Estándar
2024-01-14,1,60,97.14999963839848,733.2800001502037,1,306.92999267578125,1527.35,Rendimiento Estándar
2024-01-14,2,56,103.03571447730064,722.969997882843,2,1705.22998046875,1466.17,Rendimiento Estándar
2024-01-14,3,54,105.3148149340241,679.750001847744,1,498.0899963378906,1445.35,Rendimiento Estándar
2024-01-14,4,77,98.805194860929,974.879999756813,1,705.8699951171875,3383.83,Rendimiento Estándar
2024-01-14,5,60,98.50000033775966,800.5400011539459,0,0,80054,Rendimiento Estándar
2024-01-15,1,62,99.11290311044262,811.0500047206879,1,79.8499984741211,1675.38,Rendimiento Estándar
2024-01-15,2,68,100.52941231166615,820.050001680851,2,728.6599884033203,1466.99,Rendimiento Estándar
2024-01-15,3,43,98.90697737072789,538.1500015258789,1,174.80999755859375,2145.73,Rendimiento Estándar
2024-01-15,4,67,100.74626838982994,810.9600001573563,0,0,81096,Rendimiento Estándar
2024-01-15,5,60,100.56666632493337,784.1799985170364,0,0,78418,Rendimiento Estándar
2024-01-16,1,54,105.37037021583981,736.5899963378906,0,0,73659,Rendimiento Estándar
2024-01-16,2,60,100.83333402872086,765.2300005555153,1,319.4700012207031,1605.27,Rendimiento Estándar
2024-01-16,3,66,99.77272712823117,764.9099944829941,1,889.239990234375,49032.69,Rendimiento Estándar
2024-01-16,4,76,95.48684217427906,875.5199994444847,0,0,87552,Rendimiento Estándar
2024-01-16,5,59,97.71186477046902,767.5899968743324,0,0,76759,Rendimiento Estándar
2024-01-17,1,78,94.01282033859155,925.079997420311,1,520.0599975585938,1958.67,Rendimiento Estándar
2024-01-17,2,71,97.59154949389713,848.359995007515,1,342.6199951171875,2226.67,Rendimiento Estándar
2024-01-17,3,69,103.44927466433982,941.9199960231781,2,1845.0399780273438,1415.14,Rendimiento Estándar
2024-01-17,4,66,101.09090904394786,854.2700049877167,0,0,85427,Rendimiento Estándar
2024-01-17,5,60,96.60000026226044,716.6599934697151,1,130.63999938964844,2404.09,Rendimiento Estándar
2024-01-18,1,74,99.31081090424512,919.8299996256828,0,0,91983,Rendimiento Estándar
2024-01-18,2,67,97.99999977225688,813.5599963068962,0,0,81356,Rendimiento Estándar
2024-01-18,3,69,102.18840552412945,765.559994995594,0,0,76556,Rendimiento Estándar
2024-01-18,4,79,101.26582278481013,977.8999946117401,0,0,97790,Rendimiento Estándar
2024-01-18,5,54,96.24074101448059,653.1300019025803,0,0,65313,Rendimiento Estándar
2024-01-19,1,63,101.190475812034,834.7699996232986,2,809.3399999141693,1636.16,Rendimiento Estándar
2024-01-19,2,50,100.14000022411346,692.5200034379959,0,0,69252,Rendimiento Estándar
2024-01-19,3,53,95.6037737288565,688.2300094366074,0,0,68823,Rendimiento Estándar
2024-01-19,4,65,103.06153902640709,826.099995970726,0,0,82610,Rendimiento Estándar
2024-01-19,5,52,103.63461535710555,571.1700006723404,0,0,57117,Rendimiento Estándar
2024-01-20,1,49,101.30612314963827,694.7900035381317,0,0,69479,Rendimiento Estándar
2024-01-20,2,60,103.36666653553645,784.3199949860573,0,0,78432,Rendimiento Estándar
2024-01-20,3,70,104.41428644316537,809.1999961733818,1,664.3200073242188,2798.06,Rendimiento Estándar
2024-01-20,4,56,101.57142813716615,709.0499980449677,0,0,70905,Rendimiento Estándar
2024-01-20,5,65,96.87692321263826,745.3999965190887,0,0,74540,Rendimiento Estándar
2024-01-21,1,61,103.81967200607549,782.5000021457672,1,298.7799987792969,2846.49,Rendimiento Estándar
2024-01-21,2,55,95.41818217797713,675.8000010251999,0,0,67580,Rendimiento Estándar
2024-01-21,3,50,104.67999970912933,551.0299974679947,0,0,55103,Rendimiento Estándar
2024-01-21,4,61,98.80327875496911,704.800001680851,0,0,70480,Rendimiento Estándar
2024-01-21,5,66,93.84848484487244,829.2300053834915,0,0,82923,Rendimiento Estándar
2024-01-22,1,59,97.20338946681912,703.0499996542931,1,212.5399932861328,2065.97,Rendimiento Estándar
2024-01-22,2,63,99.42857150047544,689.4699994325638,1,858.7100219726562,11192.7,Rendimiento Estándar
2024-01-22,3,61,100.42622949256273,770.6699956059456,0,0,77067,Rendimiento Estándar
2024-01-22,4,61,100.78688508174459,787.4800020456314,1,260.2900085449219,2515.91,Rendimiento Estándar
2024-01-22,5,53,100.6603772910136,671.6000000834465,0,0,67160,Rendimiento Estándar
2024-01-23,1,66,100.71212134578012,881.1699984669685,0,0,88117,Rendimiento Estándar
2024-01-23,2,58,102.31034457683563,755.2900019288063,1,668.5499877929688,2477.17,Rendimiento Estándar
2024-01-23,3,61,95.52458983952882,778.2799970507622,0,0,77828,Rendimiento Estándar
2024-01-23,4,73,97.24657519222939,1047.9899964928627,0,0,104799,Rendimiento Estándar
2024-01-23,5,60,103.48333368698756,843.4099954366684,1,864.3400268554688,3704.04,Rendimiento Estándar
2024-01-24,1,61,95.93442629595272,854.2399981021881,0,0,85424,Rendimiento Estándar
2024-01-24,2,62,101.72580644007651,743.1999980211258,1,111.81999969482422,6502.19,Rendimiento Estándar
2024-01-24,3,52,95.01923059041684,579.799996972084,0,0,57980,Rendimiento Estándar
2024-01-24,4,49,96.36734663223734,550.8100016117096,0,0,55081,Rendimiento Estándar
2024-01-24,5,55,103.52727272293785,658.4299997091293,1,305.260009765625,4162.01,Rendimiento Estándar
2024-01-25,1,52,96.11538511056168,709.8700023293495,1,151.14999389648438,8085.08,Rendimiento Estándar
2024-01-25,2,65,103.81538455302899,766.4000009298325,0,0,76640,Rendimiento Estándar
2024-01-25,3,61,100.2950821743637,777.1700003147125,0,0,77717,Rendimiento Estándar
2024-01-25,4,54,97.12962872452206,611.0599993467331,1,37.630001068115234,1831.71,Rendimiento Estándar
2024-01-25,5,56,95.50000014049667,666.0599961876869,1,696.97998046875,2005,Rendimiento Estándar
2024-01-26,1,63,99.53968269484383,832.7199996709824,0,0,83272,Rendimiento Estándar
2024-01-26,2,69,94.47826121164404,865.66000020504,0,0,86566,Rendimiento Estándar
2024-01-26,3,57,106.91228122041936,682.9300006628036,0,0,68293,Rendimiento Estándar
2024-01-26,4,64,102.21874928101897,847.0099995732307,0,0,84701,Rendimiento Estándar
2024-01-26,5,68,96.86764715348973,916.9900052547455,1,432.17999267578125,9532.12,Rendimiento Estándar
2024-01-27,1,57,99.03508801209298,755.6700044870377,1,349.8699951171875,3099.55,Rendimiento Estándar
2024-01-27,2,66,99.16666601643418,771.0199977755547,1,55.029998779296875,1878.7,Rendimiento Estándar
2024-01-27,3,66,97.5909092209556,845.6600013971329,0,0,84566,Rendimiento Estándar
2024-01-27,4,69,97.49275376831275,941.6099999547005,0,0,94161,Rendimiento Estándar
2024-01-27,5,56,101.4464286821229,658.0700038671494,0,0,65807,Rendimiento Estándar
2024-01-28,1,50,107.64000034332275,699.8700011968613,1,447.0799865722656,19549.44,Rendimiento Estándar
2024-01-28,2,58,97.60344830052607,769.0400025844574,0,0,76904,Rendimiento Estándar
2024-01-28,3,69,103.68115910585377,840.729998767376,0,0,84073,Rendimiento Estándar
2024-01-28,4,51,97.9215681552887,646.74999833107,0,0,64675,Rendimiento Estándar
2024-01-28,5,60,101.20000054438908,703.3899968862534,2,1199.9599609375,1801.25,Rendimiento Estándar
2024-01-29,1,60,96.36666685342789,740.6900039315224,0,0,74069,Rendimiento Estándar
2024-01-29,2,61,102.93442694867242,682.2199962735176,0,0,68222,Rendimiento Estándar
2024-01-29,3,61,102.5245901013984,812.7499952316284,0,0,81275,Rendimiento Estándar
2024-01-29,4,51,100.6470585570616,671.2200019359589,1,52.11000061035156,10003.28,Rendimiento Estándar
2024-01-29,5,60,104.53333308299382,793.3100009560585,0,0,79331,Rendimiento Estándar
2024-01-30,1,74,102.43243236799498,872.5199987888336,1,800.260009765625,1991.6,Rendimiento Estándar
2024-01-30,2,57,98.71929748016491,777.3200006484985,0,0,77732,Rendimiento Estándar
2024-01-30,3,62,98.16128996110731,789.8900020122528,0,0,78989,Rendimiento Estándar
2024-01-30,4,69,102.3043477880782,991.3499991893768,0,0,99135,Rendimiento Estándar
2024-01-30,5,60,96.3166669011116,674.6299976706505,0,0,67463,Rendimiento Estándar
2024-01-31,1,68,101.94117654772366,920.2099924683571,0,0,92021,Rendimiento Estándar
2024-01-31,2,61,98.45901610421353,736.7699965834618,0,0,73677,Rendimiento Estándar
2024-01-31,3,64,100.29687555506825,748.4999995231628,0,0,74850,Rendimiento Estándar
2024-01-31,4,58,98.58620639505058,794.2399933338165,0,0,79424,Rendimiento Estándar
2024-01-31,5,66,102.27272790489775,900.5099986791611,1,14.510000228881836,3814.1,Rendimiento Estándar
2024-02-01,1,50,104.26000010967256,573.9500014185905,0,0,57395,Rendimiento Estándar
2024-02-01,2,55,101.03636373173106,626.5600021481514,0,0,62656,Rendimiento Estándar
2024-02-01,3,70,104.72857041018351,862.1900013685226,0,0,86219,Rendimiento Estándar
2024-02-01,4,64,100.45312475413084,852.1799986362457,1,218.3800048828125,2377.73,Rendimiento Estándar
2024-02-01,5,61,104.81967134553878,730.9200028181076,1,102.12000274658203,4715.61,Rendimiento Estándar
2024-02-02,1,56,104.6071429337774,774.4999972581863,0,0,77450,Rendimiento Estándar
2024-02-02,2,65,99.96923043177678,908.19000685215,0,0,90819,Rendimiento Estándar
2024-02-02,3,74,100.70270291856818,1060.57000207901,0,0,106057,Rendimiento Estándar
2024-02-02,4,65,100.56923050146835,876.4700006246567,0,0,87647,Rendimiento Estándar
2024-02-02,5,60,98.64999999602637,729.9099982976913,1,96.41000366210938,2317.17,Rendimiento Estándar
2024-02-03,1,66,103.56060591610996,807.9000003933907,1,200.99000549316406,2448.18,Rendimiento Estándar
2024-02-03,2,77,99.87012991657505,891.8100025653839,0,0,89181,Rendimiento Estándar
2024-02-03,3,68,98.05882327696857,875.689994096756,3,1325.8899841308594,1292.91,Rendimiento Estándar
2024-02-03,4,61,101.75409834893023,834.599999666214,0,0,83460,Rendimiento Estándar
2024-02-03,5,61,102.26229575813794,797.2399977445602,0,0,79724,Rendimiento Estándar
2024-02-04,1,65,102.0923072558183,734.2999964356422,0,0,73430,Rendimiento Estándar
2024-02-04,2,62,98.04838713138334,785.6099994778633,0,0,78561,Rendimiento Estándar
2024-02-04,3,62,100.08064537279067,898.0900019407272,0,0,89809,Rendimiento Estándar
2024-02-04,4,66,99.95454540758422,932.8099983930588,0,0,93281,Rendimiento Estándar
2024-02-04,5,64,98.4062503091991,789.6499969959259,0,0,78965,Rendimiento Estándar
2024-02-05,1,78,97.7435895265677,1068.930002272129,0,0,106893,Rendimiento Estándar
2024-02-05,2,63,101.12698447136653,781.9499977231026,1,536.6900024414062,17893.59,Rendimiento Estándar
2024-02-05,3,58,94.32758586160068,733.989999294281,0,0,73399,Rendimiento Estándar
2024-02-05,4,65,99.64615372511057,841.5100018978119,0,0,84151,Rendimiento Estándar
2024-02-05,5,64,95.17187494784594,811.3099964857101,1,248.1199951171875,2078.15,Rendimiento Estándar
2024-02-06,1,70,104.9428572825023,927.6500057578087,1,676.77001953125,9847.66,Rendimiento Estándar
2024-02-06,2,65,97.80000017239497,835.4500015974045,0,0,83545,Rendimiento Estándar
2024-02-06,3,68,98.11764718855129,813.7299956083298,1,157.57000732421875,2618.18,Rendimiento Estándar
2024-02-06,4,57,94.91228074358222,643.8899999856949,0,0,64389,Rendimiento Estándar
2024-02-06,5,54,103.40740669656682,611.6899977326393,0,0,61169,Rendimiento Estándar
2024-02-07,1,69,98.14492757769598,895.7700008153915,1,756.9000244140625,2811.58,Rendimiento Estándar
2024-02-07,2,44,102.77272679589011,521.909997522831,0,0,52191,Rendimiento Estándar
2024-02-07,3,70,93.22857115949903,967.1999999284744,0,0,96720,Rendimiento Estándar
2024-02-07,4,55,95.6909091906114,712.5100018382072,1,834.0599975585938,12076.44,Rendimiento Estándar
2024-02-07,5,63,103.20634945990548,768.9899998903275,2,1808.6400146484375,1047.38,Rendimiento Estándar
2024-02-08,1,58,100.70689628864157,763.0299978256226,0,0,76303,Rendimiento Estándar
2024-02-08,2,67,101.20895442677968,891.7599946856499,0,0,89176,Rendimiento Estándar
2024-02-08,3,50,97.94000029563904,564.3199981451035,0,0,56432,Rendimiento Estándar
2024-02-08,4,58,97.75862066910184,776.3299977779388,0,0,77633,Rendimiento Estándar
2024-02-08,5,50,98.19999969005585,703.3299978971481,0,0,70333,Rendimiento Estándar
2024-02-09,1,69,98.55072481044824,919.990008354187,0,0,91999,Rendimiento Estándar
2024-02-09,2,57,102.33333309491475,789.7900004386902,2,1531.7300415039062,1387.06,Rendimiento Estándar
2024-02-09,3,63,107.47619044213069,833.2399997115135,0,0,83324,Rendimiento Estándar
2024-02-09,4,48,95.60416638851166,645.4699995517731,1,200.61000061035156,1524.49,Rendimiento Estándar
2024-02-09,5,74,103.22972922711759,1002.3500055670738,0,0,100235,Rendimiento Estándar
2024-02-10,1,55,97.32727321711454,716.0699983239174,0,0,71607,Rendimiento Estándar
2024-02-10,2,51,95.29411746006386,698.4499970674515,1,542.77001953125,5473.75,Rendimiento Estándar
2024-02-10,3,56,97.23214283585548,622.4200001358986,0,0,62242,Rendimiento Estándar
2024-02-10,4,54,101.81481540203094,730.7499976754189,0,0,73075,Rendimiento Estándar
2024-02-10,5,52,102.6923071879607,692.5300000905991,0,0,69253,Rendimiento Estándar
2024-02-11,1,68,97.48529432451024,915.4399999380112,0,0,91544,Rendimiento Estándar
2024-02-11,2,64,100.17187502235174,793.5899982452393,3,1820.7900390625,1318.91,Rendimiento Estándar
2024-02-11,3,55,101.6545459357175,603.4500032067299,1,116.08000183105469,3757.47,Rendimiento Estándar
2024-02-11,4,44,100.25000030344182,543.2799999713898,0,0,54328,Rendimiento Estándar
2024-02-11,5,51,97.39215689546921,631.3000034689903,0,0,63130,Rendimiento Estándar
2024-02-12,1,65,96.38461571473341,784.1700018048286,1,468.6300048828125,16900.22,Rendimiento Estándar
2024-02-12,2,51,104.03921557407753,633.460001707077,3,809.2599945068359,1453.56,Rendimiento Estándar
2024-02-12,3,75,99.30666629473367,987.1000014543533,0,0,98710,Rendimiento Estándar
2024-02-12,4,79,103.88607609121105,979.0200012922287,1,984.1500244140625,2156.91,Rendimiento Estándar
2024-02-12,5,56,102.37500028950828,651.10999751091,2,997.1600036621094,1596.25,Rendimiento Estándar
2024-02-13,1,60,96.96666697661081,723.6200053691864,0,0,72362,Rendimiento Estándar
2024-02-13,2,64,95.04687506705523,770.0300016999245,2,1525.2099609375,1194.77,Rendimiento Estándar
2024-02-13,3,60,98.06666672229767,760.0600001811981,1,60.54999923706055,2896.57,Rendimiento Estándar
2024-02-13,4,51,100.19607836124945,747.32000041008,0,0,74732,Rendimiento Estándar
2024-02-13,5,50,95.85999989509583,581.790000975132,2,362.3200035095215,687.37,Rendimiento Estándar
2024-02-14,1,61,99.72131115491273,827.5199925899506,0,0,82752,Rendimiento Estándar
2024-02-14,2,56,100.03571371947015,762.0899945497513,0,0,76209,Rendimiento Estándar
2024-02-14,3,57,104.70175450308281,654.8100031018257,0,0,65481,Rendimiento Estándar
2024-02-14,4,57,96.66666639478582,760.7200044393539,2,672.6400146484375,12850,Rendimiento Estándar
2024-02-14,5,66,99.43939366123892,936.2500046491623,1,567.3599853515625,1997.97,Rendimiento Estándar
2024-02-15,1,62,98.37096785345385,718.3000021576881,1,552.1500244140625,2045.27,Rendimiento Estándar
2024-02-15,2,65,98.52307750628545,840.6000025272369,0,0,84060,Rendimiento Estándar
2024-02-15,3,58,102.98275834527509,784.6200026273727,0,0,78462,Rendimiento Estándar
2024-02-15,4,52,97.28846160265115,764.6499975323677,1,572.6300048828125,4435.32,Rendimiento Estándar
2024-02-15,5,57,105.03508772766381,762.3500010967255,0,0,76235,Rendimiento Estándar
2024-02-16,1,43,104.55813920775125,590.0700033903122,0,0,59007,Rendimiento Estándar
2024-02-16,2,66,97.06060606421846,825.020002245903,2,1738.030029296875,2282.84,Rendimiento Estándar
2024-02-16,3,59,97.11864398697675,791.6500052809715,2,983.2499847412109,1282.23,Rendimiento Estándar
2024-02-16,4,54,100.59259268972609,658.4000026583672,0,0,65840,Rendimiento Estándar
2024-02-16,5,61,103.70491772401529,774.6099987030029,0,0,77461,Rendimiento Estándar
2024-02-17,1,63,97.80952362787157,838.0799995064735,1,174.61000061035156,2230.72,Rendimiento Estándar
2024-02-17,2,54,107.03703727987077,635.8799979090691,0,0,63588,Rendimiento Estándar
2024-02-17,3,72,102.16666675276227,867.4399988651276,0,0,86744,Rendimiento Estándar
2024-02-17,4,66,101.63636433355737,867.0999976396561,1,509.9700012207031,4127.08,Rendimiento Estándar
2024-02-17,5,74,103.85135130302325,894.5500100851059,0,0,89455,Rendimiento Estándar
2024-02-18,1,68,102.80882304205615,862.3500026464462,0,0,86235,Rendimiento Estándar
2024-02-18,2,54,101.03703682069425,614.2900019288063,1,476.79998779296875,20206.91,Rendimiento Estándar
2024-02-18,3,45,100.88888857099745,613.5199991464615,0,0,61352,Rendimiento Estándar
2024-02-18,4,61,96.59016376636067,731.6000014543533,1,817.1500244140625,9391.53,Rendimiento Estándar
2024-02-18,5,65,97.32307700010446,731.0600010156631,0,0,73106,Rendimiento Estándar
2024-02-19,1,52,94.82692342538101,659.9300009608269,0,0,65993,Rendimiento Estándar
2024-02-19,2,46,105.23913113967231,618.4699996709824,1,526.6799926757812,4262.37,Rendimiento Estándar
2024-02-19,3,59,99.83050843416635,726.6600021719933,1,726.2000122070312,1687.16,Rendimiento Estándar
2024-02-19,4,58,96.70689671204008,788.4900002479553,0,0,78849,Rendimiento Estándar
2024-02-19,5,58,98.06896550902005,646.7699991464615,1,662.8499755859375,4308.93,Rendimiento Estándar
2024-02-20,1,72,98.83333353532684,926.8400012254715,0,0,92684,Rendimiento Estándar
2024-02-20,2,53,92.60377355341642,708.380001783371,0,0,70838,Rendimiento Estándar
2024-02-20,3,52,104.8846151966315,719.8099949359894,0,0,71981,Rendimiento Estándar
2024-02-20,4,68,102.2647063521778,770.4299988746643,0,0,77043,Rendimiento Estándar
2024-02-20,5,48,99.83333324392638,501.7499970793724,0,0,50175,Rendimiento Estándar
2024-02-21,1,59,103.77966084722745,759.4500031471252,0,0,75945,Rendimiento Estándar
2024-02-21,2,62,95.24193569537131,833.5100008249283,0,0,83351,Rendimiento Estándar
2024-02-21,3,58,94.58620681844909,751.9300014972687,0,0,75193,Rendimiento Estándar
2024-02-21,4,69,97.44927546252376,940.2400010824203,1,482.6300048828125,8722.08,Rendimiento Estándar
2024-02-21,5,64,100.43750023469329,821.7799961566925,0,0,82178,Rendimiento Estándar
2024-02-22,1,59,101.38983059737643,814.639995932579,1,709.6099853515625,2342.27,Rendimiento Estándar
2024-02-22,2,46,102.4347828782123,571.2899990081787,1,760.47998046875,3200.5,Rendimiento Estándar
2024-02-22,3,71,103.84507061729968,840.6000007987022,0,0,84060,Rendimiento Estándar
2024-02-22,4,54,100.61111108020499,614.6000015735626,0,0,61460,Rendimiento Estándar
2024-02-22,5,57,92.61403522993389,788.500003695488,2,1668.3699951171875,1159.22,Rendimiento Estándar
2024-02-23,1,56,103.6607142005648,721.560001373291,1,211.14999389648438,8756.8,Rendimiento Estándar
2024-02-23,2,60,95.16666700442632,802.1599974632263,0,0,80216,Rendimiento Estándar
2024-02-23,3,65,97.46153813142044,860.8099946379662,0,0,86081,Rendimiento Estándar
2024-02-23,4,66,104.90909164602107,830.0800042152405,0,0,83008,Rendimiento Estándar
2024-02-23,5,54,106.29629636252369,713.07000207901,0,0,71307,Rendimiento Estándar
2024-02-24,1,50,100.58000040054323,614.4600028395653,0,0,61446,Rendimiento Estándar
2024-02-24,2,72,94.22222226858139,961.959993481636,1,457.6099853515625,27642.53,Rendimiento Estándar
2024-02-24,3,60,96.93333387374878,815.76999771595,0,0,81577,Rendimiento Estándar
2024-02-24,4,66,107.1969702388301,880.4900016784668,2,1303.7900085449219,1313.77,Rendimiento Estándar
2024-02-24,5,66,99.28787865421988,853.4400032162666,1,462.42999267578125,3085.47,Rendimiento Estándar
2024-02-25,1,68,100.26470492867863,863.9300022125244,1,341.010009765625,6461.71,Rendimiento Estándar
2024-02-25,2,47,101.08510661632457,633.820004761219,1,580.1400146484375,1461.76,Rendimiento Estándar
2024-02-25,3,61,97.81967215850706,680.3100033402443,0,0,68031,Rendimiento Estándar
2024-02-25,4,73,96.17808240733736,935.1300002336502,0,0,93513,Rendimiento Estándar
2024-02-25,5,69,99.24637727115466,870.9499998688698,0,0,87095,Rendimiento Estándar
2024-02-26,1,63,95.38095262315538,826.430005133152,1,863.1400146484375,7513,Rendimiento Estándar
2024-02-26,2,59,98.94915293839018,772.6299993395805,1,262.8900146484375,3544.17,Rendimiento Estándar
2024-02-26,3,61,100.3278685397789,720.6300002336502,0,0,72063,Rendimiento Estándar
2024-02-26,4,57,99.45614024212486,770.9999982118607,0,0,77100,Rendimiento Estándar
2024-02-26,5,64,98.00000041723251,704.4499949812889,0,0,70445,Rendimiento Estándar
2024-02-27,1,62,101.59677440120328,650.2300031781197,0,0,65023,Rendimiento Estándar
2024-02-27,2,59,99.27118562035642,736.800003349781,0,0,73680,Rendimiento Estándar
2024-02-27,3,59,102.2203382799181,752.1799998283386,0,0,75218,Rendimiento Estándar
2024-02-27,4,74,98.22972964596104,985.1200034618378,0,0,98512,Rendimiento Estándar
2024-02-27,5,56,104.14285702364785,740.4999999403954,0,0,74050,Rendimiento Estándar
2024-02-28,1,57,97.42105258138555,724.6199960708618,1,580.3499755859375,3959.67,Rendimiento Estándar
2024-02-28,2,68,101.36764768291921,793.0999999046326,0,0,79310,Rendimiento Estándar
2024-02-28,3,55,99.29090879180215,700.4699964523315,0,0,70047,Rendimiento Estándar
2024-02-28,4,63,99.19047611100333,850.909999191761,2,792.8099999427795,3223.14,Rendimiento Estándar
2024-02-28,5,63,104.65079385136802,746.42999958992,0,0,74643,Rendimiento Estándar
2024-02-29,1,54,93.6851849158605,714.5000010728836,2,943.4300079345703,1419.91,Rendimiento Estándar
2024-02-29,2,53,102.81132066024925,592.7299951910973,0,0,59273,Rendimiento Estándar
2024-02-29,3,53,93.79245357693367,667.5900061130524,1,241.66000366210938,1862.7,Rendimiento Estándar
2024-02-29,4,51,101.11764727854262,662.7199951410294,0,0,66272,Rendimiento Estándar
2024-02-29,5,50,103.63999938964842,698.6299958229065,0,0,69863,Rendimiento Estándar
2024-03-01,1,70,100.32857188156672,882.64000248909,0,0,88264,Rendimiento Estándar
2024-03-01,2,62,102.12903128516288,624.2600026130676,0,0,62426,Rendimiento Estándar
2024-03-01,3,55,103.30909013748169,719.8599970936775,1,397.9599914550781,5408.41,Rendimiento Estándar
2024-03-01,4,58,103.13793050831761,831.5699989199638,3,1786.8000183105469,726.39,Rendimiento Estándar
2024-03-01,5,56,103.39285646166121,716.6700031757355,1,865.0999755859375,8491.35,Rendimiento Estándar
2024-03-02,1,58,97.41379248684851,881.329998254776,2,1092.4300231933594,9011.55,Rendimiento Estándar
2024-03-02,2,67,105.01492521656093,932.5099960565567,1,736.8099975585938,3453.74,Rendimiento Estándar
2024-03-02,3,57,96.36842054233216,766.2900043725967,0,0,76629,Rendimiento Estándar
2024-03-02,4,63,98.39682541196308,765.6600019931793,1,420.82000732421875,1675.4,Rendimiento Estándar
2024-03-02,5,67,99.17910428189519,940.6000024676323,2,1111.5599822998047,3359.29,Rendimiento Estándar
2024-03-03,1,57,98.7894736883933,768.999993801117,0,0,76900,Rendimiento Estándar
2024-03-03,2,55,100.65454558892684,826.5900040268898,1,945.27001953125,2851.29,Rendimiento Estándar
2024-03-03,3,66,104.28787903352217,898.4399994015694,1,282.1499938964844,2119.96,Rendimiento Estándar
2024-03-03,4,80,98.3500000834465,1041.3000020980835,0,0,104130,Rendimiento Estándar
2024-03-03,5,57,98.59649089344761,755.4500018358231,0,0,75545,Rendimiento Estándar
2024-03-04,1,63,97.06349212025839,772.4899986386299,0,0,77249,Rendimiento Estándar
2024-03-04,2,64,96.79687516763806,906.789998292923,0,0,90679,Rendimiento Estándar
2024-03-04,3,53,99.60377351293023,623.5900014638901,0,0,62359,Rendimiento Estándar
2024-03-04,4,67,93.8059701848386,822.8799938559532,0,0,82288,Rendimiento Estándar
2024-03-04,5,52,103.71153870454202,560.8299976587296,0,0,56083,Rendimiento Estándar
2024-03-05,1,66,102.03030290025654,872.700004696846,1,768.530029296875,2525.9,Rendimiento Estándar
2024-03-05,2,68,101.10294117647058,920.4799979925156,0,0,92048,Rendimiento Estándar
2024-03-05,3,60,100.81666658322017,668.9300029277802,1,128.4600067138672,1886.97,Rendimiento Estándar
2024-03-05,4,62,100.25806475070216,831.3400008678436,0,0,83134,Rendimiento Estándar
2024-03-05,5,73,100.5068494849009,1030.5300014019012,0,0,103053,Rendimiento Estándar
2024-03-06,1,61,101.8852460579794,760.5599959492683,0,0,76056,Rendimiento Estándar
2024-03-06,2,74,99.35135108393591,869.510002553463,0,0,86951,Rendimiento Estándar
2024-03-06,3,58,104.41379310755894,819.0100012421608,1,72.80999755859375,1880.62,Rendimiento Estándar
2024-03-06,4,65,102.13846188325148,797.7699988484383,0,0,79777,Rendimiento Estándar
2024-03-06,5,70,101.4714287008558,967.0000012516975,1,227.3300018310547,2881.41,Rendimiento Estándar
2024-03-07,1,56,101.62499962108475,785.310000360012,1,12.609999656677246,1923.37,Rendimiento Estándar
2024-03-07,2,60,95.76666682958603,899.9300029873848,0,0,89993,Rendimiento Estándar
2024-03-07,3,62,96.14516092884925,784.1400007009506,1,562.9299926757812,6102.26,Rendimiento Estándar
2024-03-07,4,64,98.76562543213367,725.6999986767769,0,0,72570,Rendimiento Estándar
2024-03-07,5,67,98.19402988277265,868.0600038766861,0,0,86806,Rendimiento Estándar
2024-03-08,1,72,104.20833395587073,995.6900008916855,0,0,99569,Rendimiento Estándar
2024-03-08,2,56,97.53571397491864,704.7899976968765,0,0,70479,Rendimiento Estándar
2024-03-08,3,60,101.95000042517981,828.1800019741058,0,0,82818,Rendimiento Estándar
2024-03-08,4,67,105.83582093466575,821.7200052142143,0,0,82172,Rendimiento Estándar
2024-03-08,5,55,100.19999980926512,676.9899975061417,1,555.489990234375,1388.7,Rendimiento Estándar
2024-03-09,1,60,107.03333328167597,769.8900016546249,0,0,76989,Rendimiento Estándar
2024-03-09,2,43,106.53488317201302,540.1699992418289,1,411.1300048828125,1549.1,Rendimiento Estándar
2024-03-09,3,63,103.12698407778664,730.6499981880188,1,682.0599975585938,1776.87,Rendimiento Estándar
2024-03-09,4,55,104.87272728573191,703.7299981713295,1,226.30999755859375,1776.2,Rendimiento Estándar
2024-03-09,5,56,99.3928577218737,748.8699945807457,0,0,74887,Rendimiento Estándar
2024-03-10,1,68,101.92646997816422,821.2599967122078,1,368.57000732421875,3157.48,Rendimiento Estándar
2024-03-10,2,55,98.81818196990272,698.9000010490417,1,312.1700134277344,16291.38,Rendimiento Estándar
2024-03-10,3,65,99.95384628956134,848.2099941372871,0,0,84821,Rendimiento Estándar
2024-03-10,4,69,103.34782583126123,806.5400032997131,0,0,80654,Rendimiento Estándar
2024-03-10,5,62,98.46774147402856,694.2399994134903,1,970.4299926757812,1616.01,Rendimiento Estándar
2024-03-11,1,68,101.80882329449933,838.679998755455,1,207.00999450683594,1720.02,Rendimiento Estándar
2024-03-11,2,68,102.97058838255265,875.2300000190735,1,954.0499877929688,4074.63,Rendimiento Estándar
2024-03-11,3,61,99.96721334144716,789.4799963235855,0,0,78948,Rendimiento Estándar
2024-03-11,4,61,98.42622964108575,835.0499977469444,0,0,83505,Rendimiento Estándar
2024-03-11,5,55,100.30909104780716,763.4400030970573,2,1101.209976196289,1388.58,Rendimiento Estándar
2024-03-12,1,61,102.8196716894869,778.1300036907196,1,204.38999938964844,3721.33,Rendimiento Estándar
2024-03-12,2,62,98.56451624824155,750.4700011014938,0,0,75047,Rendimiento Estándar
2024-03-12,3,60,101.79999977350236,718.0499967336655,0,0,71805,Rendimiento Estándar
2024-03-12,4,66,103.10606062412262,823.9299973249435,0,0,82393,Rendimiento Estándar
2024-03-12,5,57,97.15789514675475,674.7400015592575,0,0,67474,Rendimiento Estándar
2024-03-13,1,68,97.35294098363202,885.2000001072884,3,1597.2000122070312,963.33,Rendimiento Estándar
2024-03-13,2,56,101.0535710624286,707.4199984669685,0,0,70742,Rendimiento Estándar
2024-03-13,3,54,102.12963035813085,772.7399961948395,1,55.439998626708984,2379.13,Rendimiento Estándar
2024-03-13,4,70,103.77142872129168,896.219996213913,0,0,89622,Rendimiento Estándar
2024-03-13,5,56,92.37499992762294,645.260001540184,0,0,64526,Rendimiento Estándar
2024-03-14,1,63,102.87301568757921,767.6500058174133,0,0,76765,Rendimiento Estándar
2024-03-14,2,53,98.11320743470822,743.1099968552589,1,972.0999755859375,7328.5,Rendimiento Estándar
2024-03-14,3,64,97.23437521606684,837.2600002288818,0,0,83726,Rendimiento Estándar
2024-03-14,4,67,101.0746270862978,750.4500023126602,1,852.8400268554688,2167.68,Rendimiento Estándar
2024-03-14,5,65,96.33846237109258,779.6200011372566,1,285,3034.72,Rendimiento Estándar
2024-03-15,1,57,98.66666689253691,635.5500013232231,1,901.9400024414062,1584.12,Rendimiento Estándar
2024-03-15,2,65,102.83076946551984,758.2200033068657,0,0,75822,Rendimiento Estándar
2024-03-15,3,73,106.93150668928068,992.7499952912331,1,887.1699829101562,12225.99,Rendimiento Estándar
2024-03-15,4,63,100.68253988311405,697.6100028157234,1,490.6700134277344,2262.03,Rendimiento Estándar
2024-03-15,5,61,100.06557370795579,784.4400017261505,0,0,78444,Rendimiento Estándar
2024-03-16,1,57,104.8947366706112,749.0400027036667,0,0,74904,Rendimiento Estándar
2024-03-16,2,75,95.54666654268901,1052.0400006771088,0,0,105204,Rendimiento Estándar
2024-03-16,3,68,101.10294100116282,922.020003080368,0,0,92202,Rendimiento Estándar
2024-03-16,4,64,96.70312544330955,771.9200010895729,1,262.4800109863281,2474.1,Rendimiento Estándar
2024-03-16,5,63,97.36507932345071,834.5800036787987,0,0,83458,Rendimiento Estándar
2024-03-17,1,47,101.46808472085507,551.6899967193604,0,0,55169,Rendimiento Estándar
2024-03-17,2,62,101.98387032554996,730.4100013375282,0,0,73041,Rendimiento Estándar
2024-03-17,3,59,93.38983085195896,569.2000033259392,0,0,56920,Rendimiento Estándar
2024-03-17,4,45,105.93333257569206,603.5499985218048,0,0,60355,Rendimiento Estándar
2024-03-17,5,59,99.47457646919509,810.30000269413,0,0,81030,Rendimiento Estándar
2024-03-18,1,63,102.25396894273304,734.1399995088577,0,0,73414,Rendimiento Estándar
2024-03-18,2,63,101.41269905226571,699.5300008058548,0,0,69953,Rendimiento Estándar
2024-03-18,3,63,102.95238069125585,813.4699968099594,0,0,81347,Rendimiento Estándar
2024-03-18,4,64,101.3749998062849,801.4800032377243,0,0,80148,Rendimiento Estándar
2024-03-18,5,58,100.15517257410905,725.1000064611435,1,876.2100219726562,7368.9,Rendimiento Estándar
2024-03-19,1,63,98.34920631514656,763.5599964857101,1,578.3900146484375,1842.12,Rendimiento Estándar
2024-03-19,2,50,102.82000017166138,584.6299962997437,1,224.8000030517578,1307.6,Rendimiento Estándar
2024-03-19,3,52,96.788461964864,672.1400011181831,2,748.9199905395508,1142.9,Rendimiento Estándar
2024-03-19,4,60,98.100000222524,679.2899926900864,0,0,67929,Rendimiento Estándar
2024-03-19,5,72,101.45833326710596,907.0099993944168,0,0,90701,Rendimiento Estándar
2024-03-20,1,55,101.98181791739029,697.3400031924248,0,0,69734,Rendimiento Estándar
2024-03-20,2,69,102.28985496189283,901.9000021219254,0,0,90190,Rendimiento Estándar
2024-03-20,3,75,106.40000033378601,966.010003566742,1,385.70001220703125,2446.83,Rendimiento Estándar
2024-03-20,4,56,102.92857087084226,810.0099964141846,1,208.7100067138672,4795.8,Rendimiento Estándar
2024-03-20,5,58,99.67241369444748,677.4099984765053,1,102.44000244140625,10080.51,Rendimiento Estándar
2024-03-21,1,48,98.54166619479656,598.6400038003922,1,285.0899963378906,1474.12,Rendimiento Estándar
2024-03-21,2,41,102.17073152704937,531.4800015687943,1,975.6199951171875,1218.99,Rendimiento Estándar
2024-03-21,3,71,97.16901409793908,897.909994840622,1,837.1900024414062,39039.57,Rendimiento Estándar
2024-03-21,4,71,97.22535232423057,859.7599945068359,0,0,85976,Rendimiento Estándar
2024-03-21,5,52,96.30769261947046,783.4800010919571,0,0,78348,Rendimiento Estándar
2024-03-22,1,74,98.17567612673786,1054.9299986362457,0,0,105493,Rendimiento Estándar
2024-03-22,2,65,99.6615386926211,833.5499994158745,0,0,83355,Rendimiento Estándar
2024-03-22,3,55,99.56363656304099,752.5400049686432,0,0,75254,Rendimiento Estándar
2024-03-22,4,36,98.50000010596382,544.9500041007996,1,88.83999633789062,1280.73,Rendimiento Estándar
2024-03-22,5,59,100.27118638410406,703.2299986481667,1,509.44000244140625,3896.01,Rendimiento Estándar
2024-03-23,1,47,103.61702201214243,651.2600011825562,1,290.8999938964844,3176.88,Rendimiento Estándar
2024-03-23,2,65,99.50769250209515,843.6000000238419,0,0,84360,Rendimiento Estándar
2024-03-23,3,52,105.90384614009123,671.8200080990791,0,0,67182,Rendimiento Estándar
2024-03-23,4,53,103.33962271798332,651.1400018930435,1,190.82000732421875,930200,Rendimiento Estándar
2024-03-23,5,74,97.66216197529354,914.9900014400482,0,0,91499,Rendimiento Estándar
2024-03-24,1,51,99.17647032176747,705.4999969005585,1,310.5899963378906,2047.9,Rendimiento Estándar
2024-03-24,2,59,99.79661016140953,711.7699971199036,2,1113.5699768066406,1162.07,Rendimiento Estándar
2024-03-24,3,58,100.48275826306178,687.6900029182434,1,551.02001953125,4292.7,Rendimiento Estándar
2024-03-24,4,55,100.12727228077975,682.8299963474274,0,0,68283,Rendimiento Estándar
2024-03-24,5,54,96.6666669757278,741.8100026845932,0,0,74181,Rendimiento Estándar
2024-03-25,1,66,101.74242393537001,855.0799943208694,0,0,85508,Rendimiento Estándar
2024-03-25,2,51,99.68627469212402,577.5300028324127,1,47.310001373291016,2333.45,Rendimiento Estándar
2024-03-25,3,65,101.49230773632343,886.92999792099,2,131.52000045776367,4179.69,Rendimiento Estándar
2024-03-25,4,69,100.26086940281633,963.6400036811829,1,445.20001220703125,3666.82,Rendimiento Estándar
2024-03-25,5,50,102.24000012874603,663.9999994635582,2,1189.239990234375,1208.37,Rendimiento Estándar
2024-03-26,1,64,101.18749998509884,882.7600022554398,1,9.449999809265137,3380.93,Rendimiento Estándar
2024-03-26,2,72,100.83333336644702,896.8899983763695,0,0,89689,Rendimiento Estándar
2024-03-26,3,53,97.26415141573493,684.340007185936,2,1363.510009765625,1097.4,Rendimiento Estándar
2024-03-26,4,53,99.8301883913436,574.2800056934357,0,0,57428,Rendimiento Estándar
2024-03-26,5,69,104.52173913734546,870.7800016999245,1,177.35000610351562,2385.7,Rendimiento Estándar
2024-03-27,1,59,98.79660990278599,733.6399993896484,1,881.0599975585938,7880.13,Rendimiento Estándar
2024-03-27,2,64,98.656249884516,930.6999996304512,1,628.530029296875,2004.52,Rendimiento Estándar
2024-03-27,3,43,104.41860473433206,485.51000130176544,1,325.29998779296875,1446.69,Rendimiento Estándar
2024-03-27,4,62,98.95161294168041,828.5799999833107,0,0,82858,Rendimiento Estándar
2024-03-27,5,69,98.88405791227368,822.1800038218498,0,0,82218,Rendimiento Estándar
2024-03-28,1,48,98.41666693488756,626.5300015211105,2,1094.0199890136719,757.41,Rendimiento Estándar
2024-03-28,2,56,96.96428552269936,751.3799940347672,0,0,75138,Rendimiento Estándar
2024-03-28,3,59,96.01694971828138,780.25,1,415.17999267578125,4950.82,Rendimiento Estándar
2024-03-28,4,62,96.58064496132636,796.68999761343,0,0,79669,Rendimiento Estándar
2024-03-28,5,66,96.19696953079917,774.8699957728386,0,0,77487,Rendimiento Estándar
2024-03-29,1,57,98.08771934425621,687.3300006389618,0,0,68733,Rendimiento Estándar
2024-03-29,2,47,94.53191452838004,569.399998664856,2,1172.030029296875,655.16,Rendimiento Estándar
2024-03-29,3,62,100.37096796497222,721.7799974679947,2,522.9100189208984,1302.38,Rendimiento Estándar
2024-03-29,4,58,96.31034464671694,846.8899998664856,2,1368.0499877929688,2149.47,Rendimiento Estándar
2024-03-29,5,55,98.56363686648282,699.2199991941452,0,0,69922,Rendimiento Estándar
2024-03-30,1,50,102.17999947071075,649.5199989676476,1,532.5399780273438,1651.46,Rendimiento Estándar
2024-03-30,2,69,95.579710473185,912.2299981117249,0,0,91223,Rendimiento Estándar
2024-03-30,3,62,96.58064553814549,856.0699973106384,0,0,85607,Rendimiento Estándar
2024-03-30,4,58,103.96551736469925,738.6199996471405,3,1816.1099853515625,1471.06,Rendimiento Estándar
2024-03-30,5,71,96.60563401772943,868.2000005245209,1,73.4000015258789,3540.78,Rendimiento Estándar
2024-03-31,1,55,101.27272714268078,674.2699974179268,0,0,67427,Rendimiento Estándar
2024-03-31,2,77,100.49350679694832,960.270001232624,1,480.4200134277344,2001.4,Rendimiento Estándar
2024-03-31,3,52,93.19230742179431,639.9999982714653,0,0,64000,Rendimiento Estándar
2024-03-31,4,58,106.051724224255,711.2300006747246,0,0,71123,Rendimiento Estándar
2024-03-31,5,62,101.74193555308926,768.9399999380112,0,0,76894,Rendimiento Estándar
2024-04-01,1,61,101.62295063988107,784.889999628067,2,962.1299743652344,1770.56,Rendimiento Estándar
2024-04-01,2,63,98.9206348146711,811.2199962735176,1,231.64999389648438,1979.07,Rendimiento Estándar
2024-04-01,3,69,100.63768150149912,997.4500021934509,0,0,99745,Rendimiento Estándar
2024-04-01,4,60,98.86666695276897,773.2000071406364,0,0,77320,Rendimiento Estándar
2024-04-01,5,66,97.7272728175828,928.3299994468689,0,0,92833,Rendimiento Estándar
2024-04-02,1,66,101.75757606824239,830.1499999165535,0,0,83015,Rendimiento Estándar
2024-04-02,2,67,100.92537287455887,859.0199975967407,2,803.5700263977051,3595.73,Rendimiento Estándar
2024-04-02,3,54,100.7407405862102,675.8699983358383,1,805.25,50817.29,Rendimiento Estándar
2024-04-02,4,73,99.71232838826637,833.840000808239,1,824.010009765625,25577.91,Rendimiento Estándar
2024-04-02,5,64,105.01562440767884,896.5199980139732,0,0,89652,Rendimiento Estándar
2024-04-03,1,70,100.08571437426977,901.3600006103516,0,0,90136,Rendimiento Estándar
2024-04-03,2,76,99.89473694249203,1049.3100007772446,0,0,104931,Rendimiento Estándar
2024-04-03,3,59,103.50847476619785,650.720005273819,1,978.280029296875,1419.24,Rendimiento Estándar
2024-04-03,4,56,101.98214309556144,651.3699967861176,1,194.89999389648438,3369.74,Rendimiento Estándar
2024-04-03,5,48,96.812500183781,689.6300001740456,0,0,68963,Rendimiento Estándar
2024-04-04,1,60,102.36666649580002,749.8199998140335,1,333.4800109863281,2110.98,Rendimiento Estándar
2024-04-04,2,59,96.33898310742136,643.9500017166138,0,0,64395,Rendimiento Estándar
2024-04-04,3,71,104.5211265624409,858.980001449585,0,0,85898,Rendimiento Estándar
2024-04-04,4,33,97.72727290789285,432.0700024366379,0,0,43207,Rendimiento Estándar
2024-04-04,5,58,93.86206875587332,711.9900035262108,0,0,71199,Rendimiento Estándar
2024-04-05,1,59,97.7118642653449,762.6000005602837,0,0,76260,Rendimiento Estándar
2024-04-05,2,68,103.19117649513132,896.420001745224,1,283.4700012207031,2794.33,Rendimiento Estándar
2024-04-05,3,53,102.3396223221185,633.7800031900406,0,0,63378,Rendimiento Estándar
2024-04-05,4,58,105.22413798447312,806.0499976277351,0,0,80605,Rendimiento Estándar
2024-04-05,5,64,93.71874993667006,919.4199985265732,1,43.47999954223633,2207.49,Rendimiento Estándar
2024-04-06,1,56,97.37500037465777,761.4100021123886,1,617.469970703125,2955.78,Rendimiento Estándar
2024-04-06,2,60,98.28333377838135,728.3899976015091,0,0,72839,Rendimiento Estándar
2024-04-06,3,67,96.98507501118219,860.7699994444847,0,0,86077,Rendimiento Estándar
2024-04-06,4,60,94.96666669845581,838.0200028419495,0,0,83802,Rendimiento Estándar
2024-04-06,5,54,104.42592545791909,738.8399957418442,1,790.6699829101562,1832.89,Rendimiento Estándar
2024-04-07,1,63,100.58730140564933,888.2099974751472,0,0,88821,Rendimiento Estándar
2024-04-07,2,56,95.94642903123584,729.490001142025,0,0,72949,Rendimiento Estándar
2024-04-07,3,53,99.77358500912504,695.7499998807907,0,0,69575,Rendimiento Estándar
2024-04-07,4,54,100.44444391021021,765.0999971628189,0,0,76510,Rendimiento Estándar
2024-04-07,5,71,102.49295847516665,804.2899970412254,0,0,80429,Rendimiento Estándar
2024-04-08,1,54,98.12962975766924,639.6899987459183,0,0,63969,Rendimiento Estándar
2024-04-08,2,60,104.63333318630855,675.570002257824,0,0,67557,Rendimiento Estándar
2024-04-08,3,57,102.47368467481512,760.6499975919724,1,340.8500061035156,2595.19,Rendimiento Estándar
2024-04-08,4,52,98.90384674072266,587.0400002002716,0,0,58704,Rendimiento Estándar
2024-04-08,5,56,102.60714260595185,735.1399984359741,0,0,73514,Rendimiento Estándar
2024-04-09,1,61,96.67213051045526,838.0799986124039,1,897.3400268554688,3299.53,Rendimiento Estándar
2024-04-09,2,64,103.46875069662929,787.3600026369095,0,0,78736,Rendimiento Estándar
2024-04-09,3,64,100.39062527939677,786.3499973416328,0,0,78635,Rendimiento Estándar
2024-04-09,4,61,96.68852423058182,874.4099990725517,0,0,87441,Rendimiento Estándar
2024-04-09,5,57,98.71929810758222,734.8300024867058,0,0,73483,Rendimiento Estándar
2024-04-10,1,62,102.62903196196402,850.2999975681305,0,0,85030,Rendimiento Estándar
2024-04-10,2,70,102.61428560529436,966.6400002241135,0,0,96664,Rendimiento Estándar
2024-04-10,3,67,98.46268660986601,807.559997856617,1,79.86000061035156,4248.08,Rendimiento Estándar
2024-04-10,4,57,99.43859660834596,789.3199976682663,0,0,78932,Rendimiento Estándar
2024-04-10,5,64,98.7968753091991,759.8300059437752,1,20.31999969482422,1893.89,Rendimiento Estándar
2024-04-11,1,57,104.63157913141083,640.6400032639503,3,437.29000091552734,744.32,Rendimiento Estándar
2024-04-11,2,61,104.96721287242701,786.7099922895432,1,370.5199890136719,13753.67,Rendimiento Estándar
2024-04-11,3,61,104.31147579286919,886.5000022053719,0,0,88650,Rendimiento Estándar
2024-04-11,4,49,103.5510207925524,579.0599946379662,1,384.239990234375,1547.46,Rendimiento Estándar
2024-04-11,5,54,98.70370328426361,613.6399994492531,1,318.510009765625,2168.34,Rendimiento Estándar
2024-04-12,1,55,100.90909123420715,837.1000014543533,0,0,83710,Rendimiento Estándar
2024-04-12,2,63,99.4920635980273,760.7299961447716,1,788.510009765625,1916.2,Rendimiento Estándar
2024-04-12,3,53,103.88679268225185,661.3300014138222,0,0,66133,Rendimiento Estándar
2024-04-12,4,60,100.56666652361552,709.0100003480911,1,325.19000244140625,3159.58,Rendimiento Estándar
2024-04-12,5,72,100.91666736536556,941.6800048947334,0,0,94168,Rendimiento Estándar
2024-04-13,1,65,101.96923090861394,758.0900008678436,1,734.02001953125,1626.8,Rendimiento Estándar
2024-04-13,2,61,102.04918091414406,755.08999979496,1,74.95999908447266,1533.49,Rendimiento Estándar
2024-04-13,3,73,99.20547931161646,988.7399967312813,0,0,98874,Rendimiento Estándar
2024-04-13,4,60,103.78333359956741,738.9800045490265,1,197.91000366210938,2535.96,Rendimiento Estándar
2024-04-13,5,54,100.29629557221025,697.829997420311,0,0,69783,Rendimiento Estándar
2024-04-14,1,57,103.64912267316852,774.359999537468,1,44.959999084472656,2825.1,Rendimiento Estándar
2024-04-14,2,65,100.95384606948265,801.950001180172,3,468.5800018310547,1952.64,Rendimiento Estándar
2024-04-14,3,58,100.1379310057081,725.7699993848801,2,896.5100250244141,1267.94,Rendimiento Estándar
2024-04-14,4,57,103.40350876774704,773.1999972462654,0,0,77320,Rendimiento Estándar
2024-04-14,5,60,99.53333298365276,763.8300003409386,2,893.8200054168701,2153.45,Rendimiento Estándar
2024-04-15,1,62,102.67741968554836,770.4200026392937,0,0,77042,Rendimiento Estándar
2024-04-15,2,44,102.22727195783095,520.2199993729591,2,1292.3800048828125,840.56,Rendimiento Estándar
2024-04-15,3,51,93.6274508635203,608.1800023913383,0,0,60818,Rendimiento Estándar
2024-04-15,4,57,100.0877189008813,739.4099978208542,0,0,73941,Rendimiento Estándar
2024-04-15,5,49,97.20408137963743,527.4899980425835,0,0,52749,Rendimiento Estándar
2024-04-16,1,77,97.1688313143594,931.5900007486343,1,514.0399780273438,27561.83,Rendimiento Estándar
2024-04-16,2,59,99.33898277201895,748.3200026750565,0,0,74832,Rendimiento Estándar
2024-04-16,3,47,100.8723407349688,515.8899974822998,1,351.3599853515625,13227.95,Rendimiento Estándar
2024-04-16,4,67,101.35820917229155,886.2800025343895,0,0,88628,Rendimiento Estándar
2024-04-16,5,52,98.67307623991599,661.2299954891205,1,192.9499969482422,13605.56,Rendimiento Estándar
2024-04-17,1,66,96.2272721709627,895.0899983644485,0,0,89509,Rendimiento Estándar
2024-04-17,2,47,101.95744608310943,672.5299983024597,1,349.4800109863281,4110.82,Rendimiento Estándar
2024-04-17,3,61,99.98360706157372,709.1000005602837,2,417.5699996948242,1384.96,Rendimiento Estándar
2024-04-17,4,59,99.52542357525583,698.7100003957748,0,0,69871,Rendimiento Estándar
2024-04-17,5,61,98.00000005081053,647.3200021982193,0,0,64732,Rendimiento Estándar
2024-04-18,1,72,100.1527775492933,1004.9099917411804,0,0,100491,Rendimiento Estándar
2024-04-18,2,49,92.65306117583295,685.1599999666214,0,0,68516,Rendimiento Estándar
2024-04-18,3,68,101.70588212854722,830.0300038456917,0,0,83003,Rendimiento Estándar
2024-04-18,4,72,96.70833316114214,866.1700016260147,1,704.0499877929688,1996.24,Rendimiento Estándar
2024-04-18,5,66,103.24242413043976,840.3100001811981,0,0,84031,Rendimiento Estándar
2024-04-19,1,64,100.03124978393316,749.2700024843216,1,757.8800048828125,14837.03,Rendimiento Estándar
2024-04-19,2,61,99.19672149126647,809.5399992465973,2,380.8999967575073,1110.02,Rendimiento Estándar
2024-04-19,3,55,98.32727248018438,748.2800002098083,0,0,74828,Rendimiento Estándar
2024-04-19,4,68,105.41176445343916,864.0700058341026,0,0,86407,Rendimiento Estándar
2024-04-19,5,71,106.36619724018472,844.2099980711937,0,0,84421,Rendimiento Estándar
2024-04-20,1,50,102.69999980926514,691.7500017285347,0,0,69175,Rendimiento Estándar
2024-04-20,2,50,102.46000027656554,691.6799983978271,0,0,69168,Rendimiento Estándar
2024-04-20,3,58,104.0172410422358,704.280002117157,1,327.19000244140625,2183.14,Rendimiento Estándar
2024-04-20,4,63,100.66666707159982,830.0499986410141,0,0,83005,Rendimiento Estándar
2024-04-20,5,75,101.09333340326944,1017.7200030088425,0,0,101772,Rendimiento Estándar
2024-04-21,1,51,96.49019591948566,639.659998357296,0,0,63966,Rendimiento Estándar
2024-04-21,2,60,101.8333331743876,693.1500019431114,0,0,69315,Rendimiento Estándar
2024-04-21,3,62,99.03225821833456,798.8600088953972,0,0,79886,Rendimiento Estándar
2024-04-21,4,55,94.2363633892753,754.3800015449524,0,0,75438,Rendimiento Estándar
2024-04-21,5,66,96.90909051533902,864.1500022411346,2,1352.3299865722656,1454.31,Rendimiento Estándar
2024-04-22,1,76,100.11842133183228,939.319994866848,0,0,93932,Rendimiento Estándar
2024-04-22,2,65,101.32307666998643,793.2799986600876,0,0,79328,Rendimiento Estándar
2024-04-22,3,63,100.69841335690211,696.5600035786629,0,0,69656,Rendimiento Estándar
2024-04-22,4,71,96.4647887458264,876.3899974822998,0,0,87639,Rendimiento Estándar
2024-04-22,5,55,101.85454563661057,679.6499981880188,1,364.489990234375,1865.12,Rendimiento Estándar
2024-04-23,1,59,96.22033884969808,697.4900009632111,1,543.1300048828125,6778.33,Rendimiento Estándar
2024-04-23,2,57,105.21052615684377,731.9600002765656,0,0,73196,Rendimiento Estándar
2024-04-23,3,53,103.00000028790168,578.4600011110306,1,49.470001220703125,6134.25,Rendimiento Estándar
2024-04-23,4,53,104.50943382281177,646.9700014591217,2,1183.5399780273438,789.47,Rendimiento Estándar
2024-04-23,5,61,107.00000026186957,732.8099988698959,0,0,73281,Rendimiento Estándar
2024-04-24,1,58,97.77586213473616,709.9400002360344,0,0,70994,Rendimiento Estándar
2024-04-24,2,61,103.08196720529774,710.1100037693977,1,471.32000732421875,9754.26,Rendimiento Estándar
2024-04-24,3,56,103.55357165847505,696.9199995994568,0,0,69692,Rendimiento Estándar
2024-04-24,4,62,101.82258082974343,712.9599962234497,1,679.6300048828125,3412.92,Rendimiento Estándar
2024-04-24,5,55,104.76363518021323,713.9499995708466,1,551.2000122070312,2555.3,Rendimiento Estándar
2024-04-25,1,40,101.59999996423721,503.9299984574318,0,0,50393,Rendimiento Estándar
2024-04-25,2,56,96.83928574834552,682.8900040388107,0,0,68289,Rendimiento Estándar
2024-04-25,3,46,102.49999942986861,614.5499994754791,0,0,61455,Rendimiento Estándar
2024-04-25,4,71,101.1830983867108,853.6999999880791,0,0,85370,Rendimiento Estándar
2024-04-25,5,70,101.57142860548838,915.6000034809113,1,880.9500122070312,3956.78,Rendimiento Estándar
2024-04-26,1,45,106.42222232288785,560.7500014901161,0,0,56075,Rendimiento Estándar
2024-04-26,2,63,106.44444435361832,733.2600061893463,0,0,73326,Rendimiento Estándar
2024-04-26,3,77,98.129870442601,1069.0600039958954,0,0,106906,Rendimiento Estándar
2024-04-26,4,58,102.55172386251647,765.7200012207031,1,125.29000091552734,79762.5,Rendimiento Estándar
2024-04-26,5,61,102.18032803691801,877.4099963903427,0,0,87741,Rendimiento Estándar
2024-04-27,1,62,97.00000026533681,740.5200018286705,1,949.260009765625,4657.36,Rendimiento Estándar
2024-04-27,2,64,99.43750007078052,799.1399978995323,1,19.649999618530273,4031.99,Rendimiento Estándar
2024-04-27,3,53,95.94339604647655,690.3899995088577,1,854.6400146484375,2452.54,Rendimiento Estándar
2024-04-27,4,50,96.14000070095062,587.4899972677231,0,0,58749,Rendimiento Estándar
2024-04-27,5,59,107.94915263935671,760.079992890358,0,0,76008,Rendimiento Estándar
2024-04-28,1,73,103.2328768952252,900.5800016522408,0,0,90058,Rendimiento Estándar
2024-04-28,2,70,95.88571454797471,897.3399968147278,0,0,89734,Rendimiento Estándar
2024-04-28,3,67,101.6865668012135,926.1599984169006,0,0,92616,Rendimiento Estándar
2024-04-28,4,72,100.87499991059303,957.7099950909615,0,0,95771,Rendimiento Estándar
2024-04-28,5,67,101.95522370623118,864.3700058460236,0,0,86437,Rendimiento Estándar
2024-04-29,1,58,100.81034508244744,803.6800026893616,0,0,80368,Rendimiento Estándar
2024-04-29,2,62,101.58064548046357,809.3799908161163,0,0,80938,Rendimiento Estándar
2024-04-29,3,56,97.3750002682209,814.0999962091446,0,0,81410,Rendimiento Estándar
2024-04-29,4,67,95.41791125909606,877.2200020551682,0,0,87722,Rendimiento Estándar
2024-04-29,5,54,96.4814814152541,584.4600020647049,0,0,58446,Rendimiento Estándar
2024-04-30,1,61,104.42622987950433,676.5899963974953,1,205.3000030517578,3740.13,Rendimiento Estándar
2024-04-30,2,56,106.48214306150163,684.32000207901,0,0,68432,Rendimiento Estándar
2024-04-30,3,58,102.75862021692868,783.1400027275085,1,167.82000732421875,10772.21,Rendimiento Estándar
2024-04-30,4,67,102.13432908058167,860.1999992132187,1,461.3800048828125,11608.64,Rendimiento Estándar
2024-04-30,5,75,101.7600004673004,971.0500014424324,0,0,97105,Rendimiento Estándar
2024-05-01,1,67,97.4626864070323,892.4100058674812,0,0,89241,Rendimiento Estándar
2024-05-01,2,56,103.6428571811744,637.0200064778328,2,1089.6899719238281,1244.42,Rendimiento Estándar
2024-05-01,3,71,100.98591589591872,910.2100030183792,0,0,91021,Rendimiento Estándar
2024-05-01,4,78,100.41025655391888,1008.7600032091141,0,0,100876,Rendimiento Estándar
2024-05-01,5,66,96.07575743487386,828.6199994683266,1,470.7699890136719,2089.84,Rendimiento Estándar
2024-05-02,1,48,96.83333349724612,533.0599963068962,2,307.32000732421875,3266.3,Rendimiento Estándar
2024-05-02,2,62,93.75806431616506,796.4100041985512,1,907.969970703125,1674.19,Rendimiento Estándar
2024-05-02,3,74,99.8783785749126,907.6000003814697,0,0,90760,Rendimiento Estándar
2024-05-02,4,63,97.95238110754225,761.3000001311302,0,0,76130,Rendimiento Estándar
2024-05-02,5,54,97.03703688250648,693.1600011587143,0,0,69316,Rendimiento Estándar
2024-05-03,1,66,99.18181805899648,813.44999730587,0,0,81345,Rendimiento Estándar
2024-05-03,2,62,96.32258049903378,843.69999396801,0,0,84370,Rendimiento Estándar
2024-05-03,3,64,101.515625230968,947.9000027179718,2,1535.02001953125,1192.03,Rendimiento Estándar
2024-05-03,4,60,102.98333336909613,732.1600042581558,0,0,73216,Rendimiento Estándar
2024-05-03,5,56,103.1607142516545,658.6500005722046,0,0,65865,Rendimiento Estándar
2024-05-04,1,54,101.33333360707317,603.1700013279915,0,0,60317,Rendimiento Estándar
2024-05-04,2,56,103.85714322328568,703.0200002193451,0,0,70302,Rendimiento Estándar
2024-05-04,3,66,99.45454579411131,795.5500018000603,1,677.530029296875,4687.98,Rendimiento Estándar
2024-05-04,4,63,102.28571447115095,946.9299983978271,1,979.8499755859375,3993.8,Rendimiento Estándar
2024-05-04,5,73,102.13698663123667,872.2000015377998,2,287.50000762939453,4000.92,Rendimiento Estándar
2024-05-05,1,70,100.3285711152213,963.0400038361549,1,704.6699829101562,5274.04,Rendimiento Estándar
2024-05-05,2,61,98.06557297706604,692.1000009775162,1,185.8000030517578,33760.98,Rendimiento Estándar
2024-05-05,3,69,101.36231892350791,893.5699987411499,0,0,89357,Rendimiento Estándar
2024-05-05,4,55,97.38181872801347,714.2299959659576,1,803.9400024414062,4281.95,Rendimiento Estándar
2024-05-05,5,66,99.01515173189568,849.5599973201752,1,265.6099853515625,2301.08,Rendimiento Estándar
2024-05-06,1,71,97.04225340359648,891.4700008630753,2,785.4600219726562,1842.64,Rendimiento Estándar
2024-05-06,2,75,98.65333318710327,944.7699980735779,0,0,94477,Rendimiento Estándar
2024-05-06,3,65,93.30769245441142,850.9799998998642,0,0,85098,Rendimiento Estándar
2024-05-06,4,66,104.27272699095987,870.2299968600273,0,0,87023,Rendimiento Estándar
2024-05-06,5,68,95.00000056098489,768.1900032758713,0,0,76819,Rendimiento Estándar
2024-05-07,1,56,101.69642886945181,775.8500043153763,1,167.67999267578125,2968.06,Rendimiento Estándar
2024-05-07,2,61,103.16393453566755,728.2900055646896,0,0,72829,Rendimiento Estándar
2024-05-07,3,52,104.13461488026839,669.7500056028366,0,0,66975,Rendimiento Estándar
2024-05-07,4,56,96.73214214188712,692.9400017261505,0,0,69294,Rendimiento Estándar
2024-05-07,5,55,96.83636426925659,703.760004222393,0,0,70376,Rendimiento Estándar
2024-05-08,1,72,102.44444492790434,985.8099977970123,1,661.9000244140625,5196.68,Rendimiento Estándar
2024-05-08,2,62,101.41935540783791,752.6700007915497,0,0,75267,Rendimiento Estándar
2024-05-08,3,52,94.25000044015738,678.9300001859665,0,0,67893,Rendimiento Estándar
2024-05-08,4,60,102.55000005165735,698.8100040555,1,721.5,1960.2,Rendimiento Estándar
2024-05-08,5,64,101.98437497019768,813.2199984788895,0,0,81322,Rendimiento Estándar
2024-05-09,1,47,102.59574499536069,500.8800011277199,0,0,50088,Rendimiento Estándar
2024-05-09,2,62,100.24193573382594,803.5799983739853,1,706.1699829101562,3812.05,Rendimiento Estándar
2024-05-09,3,59,102.88135550789914,786.1999995112419,0,0,78620,Rendimiento Estándar
2024-05-09,4,60,100.36666631698607,604.0999989509583,1,618.9400024414062,1584.32,Rendimiento Estándar
2024-05-09,5,55,98.18181872367859,703.7399988770485,1,463.3999938964844,8269.56,Rendimiento Estándar
2024-05-10,1,54,98.9629629585478,635.8599976301193,0,0,63586,Rendimiento Estándar
2024-05-10,2,64,97.21875060349703,856.6100032925606,0,0,85661,Rendimiento Estándar
2024-05-10,3,47,103.5319154566907,577.2199957966805,2,1099.9099731445312,745.96,Rendimiento Estándar
2024-05-10,4,60,95.3166663646698,781.3000034093857,0,0,78130,Rendimiento Estándar
2024-05-10,5,75,101.74666651089986,822.579997420311,1,233.3300018310547,7616.48,Rendimiento Estándar
2024-05-11,1,61,100.83606546042397,729.1199980378151,2,267.5999927520752,1656.71,Rendimiento Estándar
2024-05-11,2,56,102.46428613151824,638.83999979496,1,458.9200134277344,3037.76,Rendimiento Estándar
2024-05-11,3,48,96.33333347737789,565.7500013113022,0,0,56575,Rendimiento Estándar
2024-05-11,4,52,96.7692304116029,641.0400006175041,0,0,64104,Rendimiento Estándar
2024-05-11,5,66,100.53030270518678,907.1599996089935,0,0,90716,Rendimiento Estándar
2024-05-12,1,61,96.14754133537168,832.9800034761429,0,0,83298,Rendimiento Estándar
2024-05-12,2,53,100.77358405545074,586.5400002002716,2,845.5400390625,3347.83,Rendimiento Estándar
2024-05-12,3,56,102.7321423803057,751.9800029993057,1,473.20001220703125,4301.95,Rendimiento Estándar
2024-05-12,4,60,98.69999965031941,785.4500018358231,0,0,78545,Rendimiento Estándar
2024-05-12,5,56,103.01785649997848,775.8399968147278,0,0,77584,Rendimiento Estándar
2024-05-13,1,59,96.84745699672376,728.9900052547455,1,54.58000183105469,1916.38,Rendimiento Estándar
2024-05-13,2,67,107.04477589521835,875.1799995303154,1,332.9700012207031,4460.65,Rendimiento Estándar
2024-05-13,3,67,106.16418007594437,799.8100005984306,1,55.9900016784668,11217.53,Rendimiento Estándar
2024-05-13,4,59,98.54237316018444,683.8300034999847,1,634.0700073242188,3171.75,Rendimiento Estándar
2024-05-13,5,55,103.92727320844477,634.169995367527,0,0,63417,Rendimiento Estándar
2024-05-14,1,46,95.21739120068757,612.2999995946884,0,0,61230,Rendimiento Estándar
2024-05-14,2,57,100.70175444870664,735.5899984836578,0,0,73559,Rendimiento Estándar
2024-05-14,3,66,100.24242455309087,855.6499983668327,1,663.1699829101562,25850.45,Rendimiento Estándar
2024-05-14,4,63,96.61904772122702,778.8100007176399,1,968.719970703125,1569.23,Rendimiento Estándar
2024-05-14,5,48,98.72916638851166,600.7900025844574,0,0,60079,Rendimiento Estándar
2024-05-15,1,54,101.09259243364687,637.4900037646294,0,0,63749,Rendimiento Estándar
2024-05-15,2,55,99.61818164045161,742.3900017738342,0,0,74239,Rendimiento Estándar
2024-05-15,3,68,98.33823538878384,858.7099950313568,0,0,85871,Rendimiento Estándar
2024-05-15,4,51,98.33333316971274,755.5599984526634,0,0,75556,Rendimiento Estándar
2024-05-15,5,55,103.54545452378012,716.9000014066696,1,967.4600219726562,3220.57,Rendimiento Estándar
2024-05-16,1,60,103.00000071525575,808.1799978017807,0,0,80818,Rendimiento Estándar
2024-05-16,2,49,99.59183724559082,599.6300007104874,1,72.91000366210938,1303.83,Rendimiento Estándar
2024-05-16,3,57,99.82456157082005,714.7799996137619,0,0,71478,Rendimiento Estándar
2024-05-16,4,72,104.97222211625841,816.6500005722046,0,0,81665,Rendimiento Estándar
2024-05-16,5,49,95.22448997108303,711.2600016593933,0,0,71126,Rendimiento Estándar
2024-05-17,1,47,93.42553146342014,492.25999879837036,0,0,49226,Rendimiento Estándar
2024-05-17,2,59,98.77966106948206,846.2300003170967,1,271.4700012207031,8345.46,Rendimiento Estándar
2024-05-17,3,57,102.56140368026601,750.4199987649918,1,128.2899932861328,2203.88,Rendimiento Estándar
2024-05-17,4,70,99.78571423462459,819.4500009417534,1,467.82000732421875,24534.43,Rendimiento Estándar
2024-05-17,5,58,101.17241349713555,677.2099919319153,0,0,67721,Rendimiento Estándar
2024-05-18,1,76,102.40789487173683,1004.3899968266487,0,0,100439,Rendimiento Estándar
2024-05-18,2,57,98.91228069338882,697.020000576973,3,987.3199768066406,793.42,Rendimiento Estándar
2024-05-18,3,65,104.4153839808244,797.3600077629089,0,0,79736,Rendimiento Estándar
2024-05-18,4,64,99.81250036507845,828.6100031733513,1,106.0999984741211,2564.56,Rendimiento Estándar
2024-05-18,5,73,96.32876744009045,998.4899998307228,0,0,99849,Rendimiento Estándar
2024-05-19,1,58,96.10344777847159,712.4900057315826,0,0,71249,Rendimiento Estándar
2024-05-19,2,67,102.97014873419235,815.9499971270561,0,0,81595,Rendimiento Estándar
2024-05-19,3,73,102.98630146131123,961.8899992704391,3,1270.4100036621094,961.7,Rendimiento Estándar
2024-05-19,4,63,103.52380966383315,893.0899995565414,0,0,89309,Rendimiento Estándar
2024-05-19,5,58,101.56896587075859,725.3899994492531,1,141.3000030517578,9869.25,Rendimiento Estándar
2024-05-20,1,69,101.66666663211326,826.1499966979027,2,1383.3800048828125,2299.97,Rendimiento Estándar
2024-05-20,2,70,95.45714250632696,921.1700032949448,0,0,92117,Rendimiento Estándar
2024-05-20,3,63,99.73015908210996,834.3299988508224,1,733.9299926757812,29377.82,Rendimiento Estándar
2024-05-20,4,60,102.73333311080933,688.9699983596802,0,0,68897,Rendimiento Estándar
2024-05-20,5,70,100.55714317730495,914.9099904894829,4,2563.5799865722656,1349.03,Rendimiento Estándar
2024-05-21,1,86,102.23255788171015,1073.7999921441078,0,0,107380,Rendimiento Estándar
2024-05-21,2,53,94.58490587630362,769.8899995088577,1,745.6799926757812,20864.23,Rendimiento Estándar
2024-05-21,3,60,105.00000009934108,737.80000269413,0,0,73780,Rendimiento Estándar
2024-05-21,4,62,100.69354820636012,777.1899996995926,1,553.9000244140625,1606.1,Rendimiento Estándar
2024-05-21,5,64,98.73437434434891,928.9100003242493,1,942.9500122070312,6891.02,Rendimiento Estándar
2024-05-22,1,47,96.7659577410272,556.859999358654,0,0,55686,Rendimiento Estándar
2024-05-22,2,71,98.78873287791937,899.7000002264977,0,0,89970,Rendimiento Estándar
2024-05-22,3,78,99.76923037797977,1070.3100053668022,0,0,107031,Rendimiento Estándar
2024-05-22,4,60,103.16666642824808,838.8700023889542,0,0,83887,Rendimiento Estándar
2024-05-22,5,67,98.47761205772856,803.3600016832352,1,938.9199829101562,3540.59,Rendimiento Estándar
2024-05-23,1,66,102.71212142525297,892.2799952030182,0,0,89228,Rendimiento Estándar
2024-05-23,2,56,99.85714246119771,776.0599984526634,0,0,77606,Rendimiento Estándar
2024-05-23,3,64,98.26562544330955,853.3400012254715,0,0,85334,Rendimiento Estándar
2024-05-23,4,48,95.24999968707561,570.4799965620041,0,0,57048,Rendimiento Estándar
2024-05-23,5,54,102.53703759776221,714.8400018811226,0,0,71484,Rendimiento Estándar
2024-05-24,1,58,103.15517259055171,647.1799998283386,1,8.239999771118164,1443.63,Rendimiento Estándar
2024-05-24,2,75,99.46666582425435,1007.0499966740608,1,521.2100219726562,2832.77,Rendimiento Estándar
2024-05-24,3,62,104.64516109035861,850.2400039434433,0,0,85024,Rendimiento Estándar
2024-05-24,4,58,98.82758660563107,581.9799997806549,0,0,58198,Rendimiento Estándar
2024-05-24,5,65,97.46153868161716,899.2700027823448,0,0,89927,Rendimiento Estándar
2024-05-25,1,53,101.056603328237,715.539996266365,1,974.4600219726562,2588.78,Rendimiento Estándar
2024-05-25,2,64,96.92187467589974,851.9099998474121,0,0,85191,Rendimiento Estándar
2024-05-25,3,60,95.08333335320155,711.7999970912933,0,0,71180,Rendimiento Estándar
2024-05-25,4,56,99.42857176065445,670.8399986624718,0,0,67084,Rendimiento Estándar
2024-05-25,5,48,98.375000183781,635.0599989891052,0,0,63506,Rendimiento Estándar
2024-05-26,1,65,102.53846168518066,891.3799934983253,0,0,89138,Rendimiento Estándar
2024-05-26,2,56,100.10714286140032,729.8399967551231,0,0,72984,Rendimiento Estándar
2024-05-26,3,59,100.06779644448878,821.7099997997284,2,822.4500122070312,1647.04,Rendimiento Estándar
2024-05-26,4,66,100.03030264016353,846.6500016450882,0,0,84665,Rendimiento Estándar
2024-05-26,5,58,97.89655229140972,740.2799993157387,1,570.27001953125,3060.27,Rendimiento Estándar
2024-05-27,1,59,102.22033908811665,698.6200020909309,1,811.1400146484375,4919.86,Rendimiento Estándar
2024-05-27,2,52,98.48076976262607,629.0999938249588,1,970.8599853515625,2191.22,Rendimiento Estándar
2024-05-27,3,62,99.41935510404647,864.1799946427345,0,0,86418,Rendimiento Estándar
2024-05-27,4,59,98.0847455687442,659.0299986600876,1,229.1999969482422,2862.86,Rendimiento Estándar
2024-05-27,5,61,97.83606548778346,811.490003824234,1,66.72000122070312,9457.93,Rendimiento Estándar
2024-05-28,1,61,99.6393443131056,819.7600067257881,2,1896.8900146484375,1309.1,Rendimiento Estándar
2024-05-28,2,62,101.12903281565634,743.1399999856949,0,0,74314,Rendimiento Estándar
2024-05-28,3,71,96.56338036899835,872.5299987792969,0,0,87253,Rendimiento Estándar
2024-05-28,4,61,100.50819711607011,725.9600048065186,1,173.8000030517578,1748.04,Rendimiento Estándar
2024-05-28,5,67,100.35820914738214,877.8600101470947,2,495.5800018310547,3754.75,Rendimiento Estándar
2024-05-29,1,59,93.91525418071424,706.3100000023842,0,0,70631,Rendimiento Estándar
2024-05-29,2,68,100.08823529762381,877.5399955511093,1,111.18000030517578,2090.87,Rendimiento Estándar
2024-05-29,3,56,106.41071455819267,706.6800057888031,0,0,70668,Rendimiento Estándar
2024-05-29,4,57,92.77192992076539,701.9800000190735,0,0,70198,Rendimiento Estándar
2024-05-29,5,52,102.73076914823973,591.6200025677681,2,297.55999755859375,930.66,Rendimiento Estándar
2024-05-30,1,61,99.95081874190784,672.5999979972839,0,0,67260,Rendimiento Estándar
2024-05-30,2,73,100.10958934483463,869.049996137619,1,372.239990234375,2277.38,Rendimiento Estándar
2024-05-30,3,61,99.34426243187951,817.6999981403351,1,678.3699951171875,2634.34,Rendimiento Estándar
2024-05-30,4,51,99.98039159120297,612.4599970579147,1,430.8599853515625,2393.36,Rendimiento Estándar
2024-05-30,5,54,102.03703697080965,644.5899971723557,0,0,64459,Rendimiento Estándar
2024-05-31,1,65,97.35384620152988,818.3399968743324,0,0,81834,Rendimiento Estándar
2024-05-31,2,62,98.79032267678168,877.0400038957596,1,374.8800048828125,4771.71,Rendimiento Estándar
2024-05-31,3,59,100.7796608795554,749.1300001144409,0,0,74913,Rendimiento Estándar
2024-05-31,4,58,98.27586134959911,730.689998447895,1,866.1400146484375,1971.64,Rendimiento Estándar
2024-05-31,5,53,93.60377394928122,704.170004606247,0,0,70417,Rendimiento Estándar
2024-06-01,1,66,104.33333299376748,769.8099985122681,1,753.6500244140625,6699.83,Rendimiento Estándar
2024-06-01,2,66,101.21212095925303,832.2600004076958,0,0,83226,Rendimiento Estándar
2024-06-01,3,64,101.21875023469329,812.7399975061417,0,0,81274,Rendimiento Estándar
2024-06-01,4,54,97.12962938679588,619.9699995517731,0,0,61997,Rendimiento Estándar
2024-06-01,5,65,101.46153871829694,764.4100005626678,1,148.30999755859375,2683.08,Rendimiento Estándar
2024-06-02,1,50,103.59999942779541,691.0299990177155,1,297.94000244140625,1793.02,Rendimiento Estándar
2024-06-02,2,59,100.4406782530122,743.2499986290932,1,370.4200134277344,3400.05,Rendimiento Estándar
2024-06-02,3,70,103.49999998297011,883.5300008654594,1,762.1500244140625,3534.12,Rendimiento Estándar
2024-06-02,4,58,99.20689658872013,741.3800016641617,1,638.1199951171875,9063.32,Rendimiento Estándar
2024-06-02,5,49,101.46938744856386,603.9300017356873,0,0,60393,Rendimiento Estándar
2024-06-03,1,69,97.13043510050014,840.8099990487099,1,826.7000122070312,15894.33,Rendimiento Estándar
2024-06-03,2,59,96.08474606174534,749.0299994945526,0,0,74903,Rendimiento Estándar
2024-06-03,3,57,100.5263160195267,761.4500017166138,0,0,76145,Rendimiento Estándar
2024-06-03,4,53,94.4905661187082,692.6800022721291,1,264.9800109863281,4664.51,Rendimiento Estándar
2024-06-03,5,50,97.74000000953674,576.7400000691414,0,0,57674,Rendimiento Estándar
2024-06-04,1,61,98.55737647072213,808.9199989438057,1,669.25,1636.5,Rendimiento Estándar
2024-06-04,2,53,103.43396281296353,636.4499992132187,0,0,63645,Rendimiento Estándar
2024-06-04,3,48,105.91666673620541,648.3999983072281,0,0,64840,Rendimiento Estándar
2024-06-04,4,66,99.0303026004271,849.8200040459633,1,206.4499969482422,1855.91,Rendimiento Estándar
2024-06-04,5,59,102.15254223952859,788.1400005817413,2,1063.3700256347656,1592.52,Rendimiento Estándar
2024-06-05,1,72,99.76388927963045,833.0499911308289,1,459.20001220703125,2218.51,Rendimiento Estándar
2024-06-05,2,53,96.77358505860815,583.4499976634979,0,0,58345,Rendimiento Estándar
2024-06-05,3,61,101.57377026120172,852.6499955058098,1,506.1499938964844,2343.73,Rendimiento Estándar
2024-06-05,4,59,105.08474566168704,739.1999955177307,0,0,73920,Rendimiento Estándar
2024-06-05,5,55,94.56363612955266,792.6199986934662,0,0,79262,Rendimiento Estándar
2024-06-06,1,71,101.70422565769141,968.8200028538704,1,849.0900268554688,3669.77,Rendimiento Estándar
2024-06-06,2,56,98.66071417927742,669.8900011181831,0,0,66989,Rendimiento Estándar
2024-06-06,3,86,94.80232513228128,1044.5299999713898,1,666.010009765625,16475.24,Rendimiento Estándar
2024-06-06,4,69,103.26086870138195,916.6100036501884,0,0,91661,Rendimiento Estándar
2024-06-06,5,60,101.06666684150696,821.1600040793419,1,179.4600067138672,1664.96,Rendimiento Estándar
2024-06-07,1,65,98.2923086789938,857.2600011825562,0,0,85726,Rendimiento Estándar
2024-06-07,2,67,103.16417902263242,813.5799958109856,2,599.0500030517578,1066.85,Rendimiento Estándar
2024-06-07,3,53,102.16981116330848,670.529999434948,0,0,67053,Rendimiento Estándar
2024-06-07,4,64,100.01562470570207,797.1899979710579,0,0,79719,Rendimiento Estándar
2024-06-07,5,49,100.4081625111249,668.6100007295609,2,1216.550033569336,1224.11,Rendimiento Estándar
2024-06-08,1,62,104.08064559582742,844.2499974370003,1,462.1600036621094,3650.02,Rendimiento Estándar
2024-06-08,2,48,100.50000039239724,644.1599985361099,1,750.2999877929688,5601.39,Rendimiento Estándar
2024-06-08,3,57,99.10526307005631,658.1400009989738,0,0,65814,Rendimiento Estándar
2024-06-08,4,47,102.17021171082841,521.5800000429153,0,0,52158,Rendimiento Estándar
2024-06-08,5,59,102.67796657853208,756.8099983334541,0,0,75681,Rendimiento Estándar
2024-06-09,1,56,98.73214310833386,761.6099984645844,0,0,76161,Rendimiento Estándar
2024-06-09,2,62,105.64516109804953,827.5799987316132,0,0,82758,Rendimiento Estándar
2024-06-09,3,69,101.94202912026557,888.4700013995171,0,0,88847,Rendimiento Estándar
2024-06-09,4,64,99.20312464237213,817.1699958443642,1,254.6699981689453,5145.91,Rendimiento Estándar
2024-06-09,5,62,100.69354868704272,739.1599994301796,1,644.1300048828125,3382.88,Rendimiento Estándar
2024-06-10,1,72,99.81944436828294,863.0899956226349,2,1337.1400146484375,1518.99,Rendimiento Estándar
2024-06-10,2,63,96.8095238246615,768.150000333786,1,697.1900024414062,4949.42,Rendimiento Estándar
2024-06-10,3,53,109.11320807798855,661.2199994325638,0,0,66122,Rendimiento Estándar
2024-06-10,4,51,104.9803917314492,661.7500007152557,0,0,66175,Rendimiento Estándar
2024-06-10,5,64,94.51562566682696,760.9399955272675,0,0,76094,Rendimiento Estándar
2024-06-11,1,61,94.67213065897833,797.1100013256073,0,0,79711,Rendimiento Estándar
2024-06-11,2,60,105.20000040531158,657.2299941778183,1,935.4600219726562,1423.5,Rendimiento Estándar
2024-06-11,3,68,99.00000007713543,817.4200045466423,0,0,81742,Rendimiento Estándar
2024-06-11,4,62,103.82258084512526,798.5899999141693,0,0,79859,Rendimiento Estándar
2024-06-11,5,54,94.7037034564548,719.039999127388,1,103.33000183105469,2277.61,Rendimiento Estándar
2024-06-12,1,68,94.58823528359918,888.7199992537498,0,0,88872,Rendimiento Estándar
2024-06-12,2,55,98.61818205226551,735.9100003838539,1,484.9200134277344,1733.59,Rendimiento Estándar
2024-06-12,3,51,103.03921570964889,622.8500017523766,0,0,62285,Rendimiento Estándar
2024-06-12,4,50,99.67999958992004,550.9499968886375,1,851.7100219726562,1273.58,Rendimiento Estándar
2024-06-12,5,63,102.38095238095238,835.32000207901,0,0,83532,Rendimiento Estándar
2024-06-13,1,59,99.66101686833268,676.1799985170364,2,1810.5,15093.3,Rendimiento Estándar
2024-06-13,2,67,99.26865652425965,904.2299934029579,0,0,90423,Rendimiento Estándar
2024-06-13,3,61,100.42622939485017,748.4599959254265,0,0,74846,Rendimiento Estándar
2024-06-13,4,64,96.79687460884452,818.9900017380714,4,1526.2300186157227,865.56,Rendimiento Estándar
2024-06-13,5,61,95.45901652242317,785.1699966788292,0,0,78517,Rendimiento Estándar
2024-06-14,1,61,104.52458946431268,814.6899998188019,0,0,81469,Rendimiento Estándar
2024-06-14,2,51,98.72549047657088,606.5899986028671,2,774.6499938964844,1022.74,Rendimiento Estándar
2024-06-14,3,73,99.20547988316784,970.9400012493134,1,392.1099853515625,2074.66,Rendimiento Estándar
2024-06-14,4,61,100.9344262177827,736.7199984788895,1,741.97998046875,4587.3,Rendimiento Estándar
2024-06-14,5,49,98.10204140994013,682.0699970722198,0,0,68207,Rendimiento Estándar
2024-06-15,1,61,105.24590152208921,688.869996547699,1,728.02001953125,1395.04,Rendimiento Estándar
2024-06-15,2,69,95.66666699837947,939.300001502037,0,0,93930,Rendimiento Estándar
2024-06-15,3,69,102.652173716089,908.1400009393692,0,0,90814,Rendimiento Estándar
2024-06-15,4,58,97.75862077186848,688.7799981236458,1,958.8200073242188,2469.63,Rendimiento Estándar
2024-06-15,5,54,98.87037067501633,664.760007083416,1,368.54998779296875,2190.31,Rendimiento Estándar
2024-06-16,1,50,101.77999997138978,633.6900018453598,2,751.27001953125,1296.95,Rendimiento Estándar
2024-06-16,2,62,102.82258083743434,819.6099944114685,2,1271.5999755859375,1141.68,Rendimiento Estándar
2024-06-16,3,50,106.11999905109406,609.8599983453751,1,778.0800170898438,1945.33,Rendimiento Estándar
2024-06-16,4,54,94.6481474019863,705.1799982190132,1,125.41999816894531,3141.11,Rendimiento Estándar
2024-06-16,5,61,97.70491797415937,712.9100027084351,1,368.19000244140625,1811.72,Rendimiento Estándar
2024-06-17,1,58,98.58620701165034,676.3599963188171,0,0,67636,Rendimiento Estándar
2024-06-17,2,60,94.68333313862483,749.6600035429001,0,0,74966,Rendimiento Estándar
2024-06-17,3,64,102.171874884516,831.9399987459183,3,1379.1899719238281,1801.52,Rendimiento Estándar
2024-06-17,4,62,103.33870956974644,818.5099999904633,0,0,81851,Rendimiento Estándar
2024-06-17,5,66,99.04545446236929,826.0199997425079,2,437.1700134277344,1060.22,Rendimiento Estándar
2024-06-18,1,61,97.55737732668392,864.6299968957901,0,0,86463,Rendimiento Estándar
2024-06-18,2,73,99.35616458932014,904.6399978399277,0,0,90464,Rendimiento Estándar
2024-06-18,3,64,99.21874990686774,826.7999949455261,0,0,82680,Rendimiento Estándar
2024-06-18,4,69,98.60869533773781,896.790007352829,0,0,89679,Rendimiento Estándar
2024-06-18,5,48,106.81250020861626,527.0899968147278,0,0,52709,Rendimiento Estándar
2024-06-19,1,64,103.45312571153045,814.9300004839897,1,907.4099731445312,1743.54,Rendimiento Estándar
2024-06-19,2,55,100.32727252353322,574.6800017356873,0,0,57468,Rendimiento Estándar
2024-06-19,3,51,97.01960752992069,657.8700013160706,0,0,65787,Rendimiento Estándar
2024-06-19,4,63,99.65079388921222,853.6399971842766,0,0,85364,Rendimiento Estándar
2024-06-19,5,58,103.17241354235287,750.9500005245209,1,849.7000122070312,15483.51,Rendimiento Estándar
2024-06-20,1,61,102.65573790816009,804.4700021743774,0,0,80447,Rendimiento Estándar
2024-06-20,2,64,98.5312501899898,950.2999977469444,0,0,95030,Rendimiento Estándar
2024-06-20,3,57,97.6140350626226,793.0199998617172,0,0,79302,Rendimiento Estándar
2024-06-20,4,64,98.6874995753169,779.7199975252151,0,0,77972,Rendimiento Estándar
2024-06-20,5,67,100.26865619332044,779.9999972581863,0,0,78000,Rendimiento Estándar
2024-06-21,1,68,95.7500002839986,820.2500030994415,0,0,82025,Rendimiento Estándar
2024-06-21,2,67,101.71641796382505,813.6200006604195,0,0,81362,Rendimiento Estándar
2024-06-21,3,46,102.17391278432764,568.1299973726273,0,0,56813,Rendimiento Estándar
2024-06-21,4,60,107.09999988476436,751.4200043082237,1,485.3500061035156,156545.84,Rendimiento Estándar
2024-06-21,5,75,101.24000048637389,946.640002310276,1,184.00999450683594,3523.04,Rendimiento Estándar
2024-06-22,1,63,100.04761843454271,700.37999522686,0,0,70038,Rendimiento Estándar
2024-06-22,2,62,101.72580701689566,739.9400019645691,0,0,73994,Rendimiento Estándar
2024-06-22,3,63,104.71428566508823,705.6199992895126,2,870.8800048828125,1043.35,Rendimiento Estándar
2024-06-22,4,43,103.13953521639803,581.4400007724762,1,676.8200073242188,1522.89,Rendimiento Estándar
2024-06-22,5,52,103.038461964864,617.1000082492828,0,0,61710,Rendimiento Estándar
2024-06-23,1,67,102.04477657133073,797.1400054097176,1,117.73999786376953,4219.9,Rendimiento Estándar
2024-06-23,2,61,101.68852444554939,815.5799996852875,1,534.97998046875,2953.93,Rendimiento Estándar
2024-06-23,3,55,101.5636356310411,832.4700006246567,1,354.94000244140625,4449.33,Rendimiento Estándar
2024-06-23,4,57,100.94736866783678,679.0999964475632,2,1093.490005493164,1281.56,Rendimiento Estándar
2024-06-23,5,58,97.86206915460784,794.3299976587296,1,694.6300048828125,3340.33,Rendimiento Estándar
2024-06-24,1,54,100.72222164383642,635.8199961185455,0,0,63582,Rendimiento Estándar
2024-06-24,2,56,98.3035708112376,702.9500015377998,1,636,7438.62,Rendimiento Estándar
2024-06-24,3,65,103.15384608048659,828.6799983382225,0,0,82868,Rendimiento Estándar
2024-06-24,4,50,96.61999940872192,641.5299946069717,0,0,64153,Rendimiento Estándar
2024-06-24,5,51,100.7450983804815,714.6799972057343,1,125.12000274658203,13796.91,Rendimiento Estándar
2024-06-25,1,57,100.15789458626195,720.2499975562096,0,0,72025,Rendimiento Estándar
2024-06-25,2,63,102.58730139051164,725.7900003194809,2,626.4400024414062,941.24,Rendimiento Estándar
2024-06-25,3,68,100.04411742967719,746.7700054049492,1,819.5700073242188,2199.62,Rendimiento Estándar
2024-06-25,4,58,99.1034480004475,775.3299956321716,0,0,77533,Rendimiento Estándar
2024-06-25,5,64,104.75000040605664,764.7099997997284,1,665.5900268554688,2042.49,Rendimiento Estándar
2024-06-26,1,55,100.41818163611673,690.1099997758865,0,0,69011,Rendimiento Estándar
2024-06-26,2,71,101.46478884656665,843.4999957084656,0,0,84350,Rendimiento Estándar
2024-06-26,3,67,100.43283576395974,785.8700026869774,0,0,78587,Rendimiento Estándar
2024-06-26,4,49,97.30612234193453,655.1599977016449,0,0,65516,Rendimiento Estándar
2024-06-26,5,56,98.98214265704155,767.0600001811981,0,0,76706,Rendimiento Estándar
2024-06-27,1,59,99.16949110516046,708.0500007271767,0,0,70805,Rendimiento Estándar
2024-06-27,2,69,99.81159446895987,814.9699994921684,0,0,81497,Rendimiento Estándar
2024-06-27,3,66,100.33333337668218,871.7599999308586,0,0,87176,Rendimiento Estándar
2024-06-27,4,65,101.476922585414,871.3499985933304,0,0,87135,Rendimiento Estándar
2024-06-27,5,41,96.3414637053885,444.72999823093414,0,0,44473,Rendimiento Estándar
2024-06-28,1,61,97.86885234176135,764.3400039076805,0,0,76434,Rendimiento Estándar
2024-06-28,2,68,102.3823526852271,869.4200032353401,1,490.6300048828125,3106.18,Rendimiento Estándar
2024-06-28,3,65,103.12307669566228,796.8999955654144,0,0,79690,Rendimiento Estándar
2024-06-28,4,76,95.75000044546628,1035.3200015425682,0,0,103532,Rendimiento Estándar
2024-06-28,5,61,94.60655695102254,710.7200008630753,0,0,71072,Rendimiento Estándar
2024-06-29,1,77,97.87012965648205,976.9300010204315,1,765.7999877929688,18328.89,Rendimiento Estándar
2024-06-29,2,52,101.61538513807149,827.4900000691414,0,0,82749,Rendimiento Estándar
2024-06-29,3,59,100.98305092019551,902.7999973893166,1,21.760000228881836,2126.74,Rendimiento Estándar
2024-06-29,4,57,98.8070173221722,763.7599956989288,0,0,76376,Rendimiento Estándar
2024-06-29,5,65,99.80000019073486,872.0500034093857,3,1782.239974975586,2215.57,Rendimiento Estándar
2024-06-30,1,53,93.32075422664859,618.5699998140335,0,0,61857,Rendimiento Estándar
2024-06-30,2,59,104.42372914087974,663.9099952578545,0,0,66391,Rendimiento Estándar
2024-06-30,3,60,99.09999966621399,717.0300050973892,1,763.4299926757812,2482.79,Rendimiento Estándar
2024-06-30,4,62,103.20967820382887,793.2999979257584,0,0,79330,Rendimiento Estándar
2024-06-30,5,45,102.55555616484749,614.4199995994568,1,104.16999816894531,2380.55,Rendimiento Estándar
2024-07-01,1,59,97.88135613425302,805.4300022125244,1,93.54000091552734,2260.54,Rendimiento Estándar
2024-07-01,2,63,102.79365115695529,727.260002553463,0,0,72726,Rendimiento Estándar
2024-07-01,3,68,102.4117648601532,912.6399958133698,0,0,91264,Rendimiento Estándar
2024-07-01,4,61,100.37704940702095,760.960000872612,1,682.8400268554688,1647.46,Rendimiento Estándar
2024-07-01,5,67,100.62686551862687,899.1700081825256,0,0,89917,Rendimiento Estándar
2024-07-02,1,61,102.8852457882928,784.0800006389618,0,0,78408,Rendimiento Estándar
2024-07-02,2,72,97.77777757909563,963.819994866848,1,842.7899780273438,1998.38,Rendimiento Estándar
2024-07-02,3,65,104.53846197861891,812.539998292923,0,0,81254,Rendimiento Estándar
2024-07-02,4,65,100.9999994131235,737.7500007748604,1,825.3800048828125,12295.83,Rendimiento Estándar
2024-07-02,5,55,102.14545499194752,650.9799987077713,1,856.260009765625,4319.71,Rendimiento Estándar
2024-07-03,1,66,103.95454574715008,757.2400012612343,2,590.1600189208984,2303.74,Rendimiento Estándar
2024-07-03,2,70,105.89999965259007,896.6400043964386,0,0,89664,Rendimiento Estándar
2024-07-03,3,58,99.56896623660778,707.5899977684021,1,387.1000061035156,2589.06,Rendimiento Estándar
2024-07-03,4,63,100.04761833993217,857.9399969577789,1,743.6300048828125,6707.9,Rendimiento Estándar
2024-07-03,5,66,99.31818138469349,897.3799957633018,2,1173.3099670410156,1100,Rendimiento Estándar
2024-07-04,1,62,97.06451642897821,783.3200019598007,1,243.88999938964844,1607.14,Rendimiento Estándar
2024-07-04,2,65,103.38461628327002,842.0000028014183,0,0,84200,Rendimiento Estándar
2024-07-04,3,59,101.38983029430196,679.9100043773651,0,0,67991,Rendimiento Estándar
2024-07-04,4,79,102.46835441528997,1029.52999740839,2,353.5399932861328,1970.39,Rendimiento Estándar
2024-07-04,5,64,105.39062516763806,834.979999601841,0,0,83498,Rendimiento Estándar
2024-07-05,1,60,100.35000056028368,773.6799974441528,0,0,77368,Rendimiento Estándar
2024-07-05,2,58,99.32758653986042,837.4399998188019,1,203.88999938964844,13706.06,Rendimiento Estándar
2024-07-05,3,65,105.07692254506624,694.5500005483627,1,454.7799987792969,4235.06,Rendimiento Estándar
2024-07-05,4,57,98.54385988754139,671.8499985337257,0,0,67185,Rendimiento Estándar
2024-07-05,5,66,100.0454542311755,886.270002245903,0,0,88627,Rendimiento Estándar
2024-07-06,1,66,98.74242399678086,735.0199998617172,1,42.20000076293945,3673.26,Rendimiento Estándar
2024-07-06,2,63,96.31746032881358,844.429997086525,1,940.6799926757812,2175.24,Rendimiento Estándar
2024-07-06,3,68,102.36764690455269,782.339996278286,0,0,78234,Rendimiento Estándar
2024-07-06,4,54,103.42592608045649,716.5900010466576,2,623.5899887084961,2014.59,Rendimiento Estándar
2024-07-06,5,61,99.77049192444223,821.2400045394897,0,0,82124,Rendimiento Estándar
2024-07-07,1,55,100.90909166769548,654.8800017237663,0,0,65488,Rendimiento Estándar
2024-07-07,2,55,101.20000004768373,698.6700028181076,0,0,69867,Rendimiento Estándar
2024-07-07,3,68,97.88235294468262,1007.9899960756302,2,1285.1300048828125,1268.87,Rendimiento Estándar
2024-07-07,4,64,99.24999987706542,878.8700023293495,0,0,87887,Rendimiento Estándar
2024-07-07,5,61,101.36065561263288,759.1599967479706,1,363.760009765625,2072.51,Rendimiento Estándar
2024-07-08,1,59,100.81355955641149,724.5999960303307,1,678.1199951171875,1809.69,Rendimiento Estándar
2024-07-08,2,59,98.71186401884434,749.1900005340576,0,0,74919,Rendimiento Estándar
2024-07-08,3,68,101.98529388974696,911.9100004434586,0,0,91191,Rendimiento Estándar
2024-07-08,4,51,98.52941176470588,598.0499990582466,0,0,59805,Rendimiento Estándar
2024-07-08,5,66,99.03030341321771,780.3800001740456,1,524.22998046875,2739.14,Rendimiento Estándar
2024-07-09,1,59,96.9491525221679,824.1400034427643,1,703.3400268554688,1865.84,Rendimiento Estándar
2024-07-09,2,67,98.10447737352172,875.0200028419495,0,0,87502,Rendimiento Estándar
2024-07-09,3,51,100.43137248824625,663.4000028967857,0,0,66340,Rendimiento Estándar
2024-07-09,4,51,102.60784275391524,746.4700070023537,0,0,74647,Rendimiento Estándar
2024-07-09,5,60,95.33333331346512,649.1699996590614,0,0,64917,Rendimiento Estándar
2024-07-10,1,67,106.13432918021928,883.099998831749,0,0,88310,Rendimiento Estándar
2024-07-10,2,56,107.23214309130395,721.0299961566925,1,87.18000030517578,11444.92,Rendimiento Estándar
2024-07-10,3,67,97.34328371375355,825.3299989700317,1,807.030029296875,3765.19,Rendimiento Estándar
2024-07-10,4,70,100.12857122080668,947.9500007629395,0,0,94795,Rendimiento Estándar
2024-07-10,5,53,98.66037706159196,736.0099980831146,0,0,73601,Rendimiento Estándar
2024-07-11,1,52,104.90384594752238,621.5000009536743,0,0,62150,Rendimiento Estándar
2024-07-11,2,49,100.71428539801617,656.3800033926964,1,735.489990234375,1430.02,Rendimiento Estándar
2024-07-11,3,48,90.97916670143604,477.3399985432625,0,0,47734,Rendimiento Estándar
2024-07-11,4,65,97.00000001833989,808.4800002574921,0,0,80848,Rendimiento Estándar
2024-07-11,5,65,95.87692315761859,865.6699961423874,0,0,86567,Rendimiento Estándar
2024-07-12,1,60,101.29999915758769,771.720001578331,3,2394.489990234375,1592.16,Rendimiento Estándar
2024-07-12,2,60,102.80000021060307,744.6899987459183,0,0,74469,Rendimiento Estándar
2024-07-12,3,57,103.9473691530395,685.5700010061264,1,349.3900146484375,1484.56,Rendimiento Estándar
2024-07-12,4,47,104.95744689981987,581.570004940033,0,0,58157,Rendimiento Estándar
2024-07-12,5,65,101.10769170981186,885.6599982976913,1,285.1199951171875,2029,Rendimiento Estándar
2024-07-13,1,69,96.36231876801753,988.310000538826,0,0,98831,Rendimiento Estándar
2024-07-13,2,61,98.50819638518037,876.9199995994568,1,485.8500061035156,20205.53,Rendimiento Estándar
2024-07-13,3,76,99.59210557372946,1055.0600031018257,0,0,105506,Rendimiento Estándar
2024-07-13,4,67,92.02985078541201,813.7200076580048,0,0,81372,Rendimiento Estándar
2024-07-13,5,56,100.4821433552674,793.9499980807304,1,749.97998046875,1679.25,Rendimiento Estándar
2024-07-14,1,60,101.03333244721095,839.1599989533424,0,0,83916,Rendimiento Estándar
2024-07-14,2,62,96.19354826788748,790.8899996876717,1,99.72000122070312,93045.88,Rendimiento Estándar
2024-07-14,3,69,101.89855116001074,833.1600026488304,1,653.1099853515625,43850.53,Rendimiento Estándar
2024-07-14,4,67,96.32835806305728,836.1299958825111,0,0,83613,Rendimiento Estándar
2024-07-14,5,53,99.39622676597452,682.9399978518486,1,976.7000122070312,3764.83,Rendimiento Estándar
2024-07-15,1,77,98.72727239286745,978.9899985194206,1,526.47998046875,5721.74,Rendimiento Estándar
2024-07-15,2,59,103.59322004399057,755.0199936032295,0,0,75502,Rendimiento Estándar
2024-07-15,3,65,97.89230814346901,857.5400021076202,0,0,85754,Rendimiento Estándar
2024-07-15,4,58,101.72413803380111,760.6299976706505,0,0,76063,Rendimiento Estándar
2024-07-15,5,56,104.30357126252991,758.9299986362457,0,0,75893,Rendimiento Estándar
2024-07-16,1,58,104.03448281617,741.9199985861778,1,430.95001220703125,20840.45,Rendimiento Estándar
2024-07-16,2,60,101.06666723887126,783.2299973964691,2,1200.1000061035156,1909.39,Rendimiento Estándar
2024-07-16,3,65,101.40000004034775,889.5000002980232,0,0,88950,Rendimiento Estándar
2024-07-16,4,48,99.45833310484886,626.1200020909309,0,0,62612,Rendimiento Estándar
2024-07-16,5,46,103.06521809619407,596.8500028848648,1,187.74000549316406,2172.73,Rendimiento Estándar
2024-07-17,1,65,97.95384663801927,890.0899995565414,0,0,89009,Rendimiento Estándar
2024-07-17,2,64,95.64062505960464,807.3400006890297,0,0,80734,Rendimiento Estándar
2024-07-17,3,58,95.72413748708264,673.1900009512901,1,443.2900085449219,85213.92,Rendimiento Estándar
2024-07-17,4,53,97.09433991954012,643.0500029921532,0,0,64305,Rendimiento Estándar
2024-07-17,5,50,98.48000049591064,626.3400019407272,0,0,62634,Rendimiento Estándar
2024-07-18,1,64,98.12500048428774,785.0899982452393,0,0,78509,Rendimiento Estándar
2024-07-18,2,47,98.61702107368632,667.1300002336502,0,0,66713,Rendimiento Estándar
2024-07-18,3,52,95.94230858179239,583.2099978923798,0,0,58321,Rendimiento Estándar
2024-07-18,4,57,98.71929842129089,720.4999986886978,4,1894.7499694824219,1154.28,Rendimiento Estándar
2024-07-18,5,55,98.10909076170488,682.8300014138222,0,0,68283,Rendimiento Estándar
2024-07-19,1,56,99.19642891202655,806.9099985957146,3,1136.5699911117554,1063.54,Rendimiento Estándar
2024-07-19,2,66,99.81818090785633,779.2100026011467,0,0,77921,Rendimiento Estándar
2024-07-19,3,51,105.9803919464934,663.850001335144,0,0,66385,Rendimiento Estándar
2024-07-19,4,59,99.52542317115655,702.7499998807907,2,814.3500061035156,1204.78,Rendimiento Estándar
2024-07-19,5,54,94.83333318321793,656.400001347065,1,690.219970703125,2964.77,Rendimiento Estándar
2024-07-20,1,50,99.21999943256378,638.9399975538254,1,456.0799865722656,2288.47,Rendimiento Estándar
2024-07-20,2,59,102.7627118563248,764.9699983000755,0,0,76497,Rendimiento Estándar
2024-07-20,3,59,101.30508471343478,773.9400044679642,1,11.279999732971191,2911.74,Rendimiento Estándar
2024-07-20,4,60,96.31666640440622,911.8700016736984,1,847.8599853515625,2020.09,Rendimiento Estándar
2024-07-20,5,49,95.8979583516413,602.5599983334541,1,106.30000305175781,215200,Rendimiento Estándar
2024-07-21,1,67,96.29850770110515,945.1800062060356,1,541.6300048828125,2155.98,Rendimiento Estándar
2024-07-21,2,58,95.51724123543707,793.8199944496155,1,790.97998046875,4719.5,Rendimiento Estándar
2024-07-21,3,50,97.31999969482422,638.1900008916855,1,644.1900024414062,1719.26,Rendimiento Estándar
2024-07-21,4,59,96.7966097896382,764.950002849102,0,0,76495,Rendimiento Estándar
2024-07-21,5,59,98.08474617489313,790.5700052976608,1,731.0599975585938,2794.52,Rendimiento Estándar
2024-07-22,1,59,103.45762675091372,739.8999971151352,0,0,73990,Rendimiento Estándar
2024-07-22,2,76,100.61842101184946,942.7099992632866,0,0,94271,Rendimiento Estándar
2024-07-22,3,61,102.83606540961343,783.5099964737892,1,952.5399780273438,24873.33,Rendimiento Estándar
2024-07-22,4,41,103.26829203745214,544.6700025200844,1,564.219970703125,3728.06,Rendimiento Estándar
2024-07-22,5,64,100.59374999254942,790.1899988055229,0,0,79019,Rendimiento Estándar
2024-07-23,1,55,103.61818161877719,635.2499966025352,0,0,63525,Rendimiento Estándar
2024-07-23,2,83,97.78313256171812,1021.4500031471252,1,84.95999908447266,3841.48,Rendimiento Estándar
2024-07-23,3,50,99.8600002527237,554.1999969482422,1,295.19000244140625,1915.66,Rendimiento Estándar
2024-07-23,4,61,103.98360666681508,826.4300004243851,1,711.6199951171875,2674.53,Rendimiento Estándar
2024-07-23,5,69,98.72463786083719,893.4099963903427,0,0,89341,Rendimiento Estándar
2024-07-24,1,56,105.96428641251154,611.7400025725365,0,0,61174,Rendimiento Estándar
2024-07-24,2,55,93.78181847659025,749.0299990177155,0,0,74903,Rendimiento Estándar
2024-07-24,3,68,107.45588278069216,935.9400043487549,1,79.93000030517578,2464.95,Rendimiento Estándar
2024-07-24,4,63,100.55555616106307,747.4800001382828,1,532.1300048828125,2093.2,Rendimiento Estándar
2024-07-24,5,56,107.3035710624286,707.5199999213219,0,0,70752,Rendimiento Estándar
2024-07-25,1,58,97.99999985201605,753.1500005126,0,0,75315,Rendimiento Estándar
2024-07-25,2,68,100.5441180046867,811.8199991583824,1,733.6199951171875,3079.74,Rendimiento Estándar
2024-07-25,3,51,99.64705857576108,684.3699999451637,0,0,68437,Rendimiento Estándar
2024-07-25,4,54,102.94444395436182,654.2099997997284,1,842.5599975585938,1645.81,Rendimiento Estándar
2024-07-25,5,60,101.81666702032088,697.3400010466576,1,896.22998046875,10135.76,Rendimiento Estándar
2024-07-26,1,67,97.40298479350645,811.4800034761429,1,121.02999877929688,1657.43,Rendimiento Estándar
2024-07-26,2,50,101.66000056266785,690.9399974942207,0,0,69094,Rendimiento Estándar
2024-07-26,3,62,99.5806448882626,787.160000026226,0,0,78716,Rendimiento Estándar
2024-07-26,4,68,100.39705897078794,850.0099989175797,0,0,85001,Rendimiento Estándar
2024-07-26,5,61,98.49180315361649,716.2800002098083,0,0,71628,Rendimiento Estándar
2024-07-27,1,70,104.5571426834379,844.7600006461143,0,0,84476,Rendimiento Estándar
2024-07-27,2,66,99.60606025926995,848.2000011205673,0,0,84820,Rendimiento Estándar
2024-07-27,3,50,100.38000011444093,604.350005209446,0,0,60435,Rendimiento Estándar
2024-07-27,4,64,96.32812533527613,820.5700005292892,1,824.3300170898438,2393.03,Rendimiento Estándar
2024-07-27,5,59,101.61016926927083,832.5300015211105,1,739.1099853515625,5275.86,Rendimiento Estándar
2024-07-28,1,80,97.28749990463257,955.1399994492531,0,0,95514,Rendimiento Estándar
2024-07-28,2,62,101.37096768425357,686.0600044727325,0,0,68606,Rendimiento Estándar
2024-07-28,3,66,96.93939396829316,880.0699976086617,1,437.9200134277344,12257.24,Rendimiento Estándar
2024-07-28,4,61,100.68852500837357,775.7299990653992,0,0,77573,Rendimiento Estándar
2024-07-28,5,61,101.21311476973236,680.3300011754036,1,927.8699951171875,10078.96,Rendimiento Estándar
2024-07-29,1,54,95.46296276428082,770.2499980926514,2,426.13999938964844,1187.74,Rendimiento Estándar
2024-07-29,2,60,100.13333320617677,803.7500005364418,0,0,80375,Rendimiento Estándar
2024-07-29,3,80,97.90000006556511,1038.2100008130074,0,0,103821,Rendimiento Estándar
2024-07-29,4,51,101.60784265574287,643.7399961352348,1,370.1000061035156,2899.73,Rendimiento Estándar
2024-07-29,5,52,100.6923074905689,610.1600043773651,0,0,61016,Rendimiento Estándar
2024-07-30,1,64,96.53124986216426,775.2700008153915,0,0,77527,Rendimiento Estándar
2024-07-30,2,60,98.96666665871938,834.9499999284744,2,1590.3399658203125,8476.65,Rendimiento Estándar
2024-07-30,3,60,102.76666671037673,774.610001385212,0,0,77461,Rendimiento Estándar
2024-07-30,4,54,96.44444485505423,628.8699967861176,1,461.1199951171875,4793.22,Rendimiento Estándar
2024-07-30,5,68,102.5735294994186,911.1999997496605,0,0,91120,Rendimiento Estándar
2024-07-31,1,59,101.06779650106267,722.7299986481667,0,0,72273,Rendimiento Estándar
2024-07-31,2,51,103.17647106507246,634.8999971747398,0,0,63490,Rendimiento Estándar
2024-07-31,3,56,94.92857126252991,709.4399985671043,1,908.5900268554688,3167.14,Rendimiento Estándar
2024-07-31,4,50,100.84000039100647,614.219994187355,0,0,61422,Rendimiento Estándar
2024-07-31,5,64,104.70312563702464,798.25,0,0,79825,Rendimiento Estándar
2024-08-01,1,55,99.54545443708246,650.5100027322769,0,0,65051,Rendimiento Estándar
2024-08-01,2,63,96.53968271755036,755.690000474453,0,0,75569,Rendimiento Estándar
2024-08-01,3,73,105.60273920020012,879.2099993824959,0,0,87921,Rendimiento Estándar
2024-08-01,4,52,98.50000039889262,614.519998550415,1,830.780029296875,2040.92,Rendimiento Estándar
2024-08-01,5,76,106.3421047047565,952.0999935865402,1,662.530029296875,15431.12,Rendimiento Estándar
2024-08-02,1,44,93.27272745695981,589.8600013256073,0,0,58986,Rendimiento Estándar
2024-08-02,2,56,104.85714322754316,706.4599981307983,1,533.9299926757812,1736.63,Rendimiento Estándar
2024-08-02,3,53,93.98113252981653,669.5700024366379,0,0,66957,Rendimiento Estándar
2024-08-02,4,65,94.492306800989,825.1999970674515,1,938.280029296875,2215.9,Rendimiento Estándar
2024-08-02,5,60,98.63333374261856,755.529997587204,2,655.9600219726562,1014,Rendimiento Estándar
2024-08-03,1,66,100.71212098453984,886.3899965882301,0,0,88639,Rendimiento Estándar
2024-08-03,2,54,100.11111133628421,635.4000002145767,0,0,63540,Rendimiento Estándar
2024-08-03,3,71,102.00000077905788,1009.9400030374527,1,178.74000549316406,2750.38,Rendimiento Estándar
2024-08-03,4,70,101.95714294910432,886.7800027132034,0,0,88678,Rendimiento Estándar
2024-08-03,5,63,97.63492024134077,789.9800015091896,0,0,78998,Rendimiento Estándar
2024-08-04,1,56,105.53571464759963,750.1999961137772,0,0,75020,Rendimiento Estándar
2024-08-04,2,65,99.30769260113055,752.9099991321564,2,1604.280029296875,1924.62,Rendimiento Estándar
2024-08-04,3,71,102.18309860833934,865.0700018405914,1,369.95001220703125,2174.09,Rendimiento Estándar
2024-08-04,4,46,96.28260926060055,636.9900020360947,0,0,63699,Rendimiento Estándar
2024-08-04,5,60,99.06666676203409,819.6800021529198,0,0,81968,Rendimiento Estándar
2024-08-05,1,56,98.0892861528056,703.2199963927269,0,0,70322,Rendimiento Estándar
2024-08-05,2,65,93.47692260375389,871.4499979019165,1,79.56999969482422,7113.88,Rendimiento Estándar
2024-08-05,3,65,99.27692321630624,863.200004696846,0,0,86320,Rendimiento Estándar
2024-08-05,4,50,101.03999996185303,579.0599991679192,1,377.3299865722656,17708.26,Rendimiento Estándar
2024-08-05,5,72,94.52777811222606,989.6400077342987,0,0,98964,Rendimiento Estándar
2024-08-06,1,61,97.86885263489896,787.2999995946884,0,0,78730,Rendimiento Estándar
2024-08-06,2,62,97.3709673650803,871.6600003242493,1,558.0599975585938,3265.87,Rendimiento Estándar
2024-08-06,3,44,102.79545485973358,646.1299967765808,0,0,64613,Rendimiento Estándar
2024-08-06,4,56,94.7857141494751,630.0800004005432,0,0,63008,Rendimiento Estándar
2024-08-06,5,68,103.50000034360325,766.0100039839745,0,0,76601,Rendimiento Estándar
2024-08-07,1,54,101.48148051014654,670.4000024795532,2,1759.02001953125,1559.8,Rendimiento Estándar
2024-08-07,2,68,97.2941172473571,882.3000055551529,1,29.290000915527344,10367.8,Rendimiento Estándar
2024-08-07,3,62,99.08064488441714,805.8899972438812,0,0,80589,Rendimiento Estándar
2024-08-07,4,59,99.61016976227195,815.5500062704086,2,1392.22998046875,1881.75,Rendimiento Estándar
2024-08-07,5,60,102.65000025431314,746.8800069689751,1,440.6700134277344,1610.7,Rendimiento Estándar
2024-08-08,1,57,95.03508795771683,707.9799981713295,1,140.91000366210938,3128.5,Rendimiento Estándar
2024-08-08,2,57,104.77192945647657,659.6200016736984,0,0,65962,Rendimiento Estándar
2024-08-08,3,59,100.2542374497753,765.6900027394295,1,683.489990234375,18187.41,Rendimiento Estándar
2024-08-08,4,56,100.16071466462952,689.2299968004227,1,649.3200073242188,1535.72,Rendimiento Estándar
2024-08-08,5,49,99.18367376132888,582.3799975514412,0,0,58238,Rendimiento Estándar
2024-08-09,1,51,100.60784337567348,691.1600014567375,0,0,69116,Rendimiento Estándar
2024-08-09,2,63,101.44444439146254,864.1900043487549,0,0,86419,Rendimiento Estándar
2024-08-09,3,50,100.80000054836273,741.509996175766,1,390.07000732421875,1579.36,Rendimiento Estándar
2024-08-09,4,66,102.03030253901626,850.2299963831902,0,0,85023,Rendimiento Estándar
2024-08-09,5,56,94.00000008089202,739.5599973201752,0,0,73956,Rendimiento Estándar
2024-08-10,1,50,100.13999950885773,685.2300065755844,0,0,68523,Rendimiento Estándar
2024-08-10,2,64,96.85937482863665,829.5900005698204,0,0,82959,Rendimiento Estándar
2024-08-10,3,53,102.73584937149624,635.8500040173531,0,0,63585,Rendimiento Estándar
2024-08-10,4,60,100.75000007947285,831.8900004029274,2,811.7999973297119,1113.64,Rendimiento Estándar
2024-08-10,5,70,102.35714248248509,898.2400008440018,0,0,89824,Rendimiento Estándar
2024-08-11,1,50,97.58000040054321,642.5099994540215,1,688.6199951171875,2054.72,Rendimiento Estándar
2024-08-11,2,65,102.72307643523584,794.080001115799,0,0,79408,Rendimiento Estándar
2024-08-11,3,63,104.04761868809898,755.8900008797646,0,0,75589,Rendimiento Estándar
2024-08-11,4,63,98.9047614354936,784.0099970698357,0,0,78401,Rendimiento Estándar
2024-08-11,5,62,99.00000018458212,729.130000770092,1,304.0299987792969,3770.06,Rendimiento Estándar
2024-08-12,1,62,101.75806476223855,843.1300002932549,1,843.010009765625,5996.66,Rendimiento Estándar
2024-08-12,2,64,99.32812545448542,778.9599941968918,0,0,77896,Rendimiento Estándar
2024-08-12,3,59,98.23728830127394,852.9999982714653,1,715.0599975585938,3127.98,Rendimiento Estándar
2024-08-12,4,58,101.06896583376259,775.3900015354156,0,0,77539,Rendimiento Estándar
2024-08-12,5,53,99.77358512158663,657.2400026321411,1,349.94000244140625,1586.77,Rendimiento Estándar
2024-08-13,1,60,104.79999959468842,823.5900036096573,1,939.5599975585938,5289.6,Rendimiento Estándar
2024-08-13,2,59,98.01694932630507,747.110009253025,1,368.489990234375,2650.27,Rendimiento Estándar
2024-08-13,3,54,103.53703752711967,702.2400041222572,2,1528.8200073242188,2040.21,Rendimiento Estándar
2024-08-13,4,73,99.05479452381395,909.6599969267845,0,0,90966,Rendimiento Estándar
2024-08-13,5,48,94.56250046690306,595.0199972391129,0,0,59502,Rendimiento Estándar
2024-08-14,1,56,103.35714348724909,603.6400019526482,0,0,60364,Rendimiento Estándar
2024-08-14,2,75,100.27999997138977,897.7900006771088,0,0,89779,Rendimiento Estándar
2024-08-14,3,60,94.2499993244807,826.1599999070168,1,227.52000427246094,3482.97,Rendimiento Estándar
2024-08-14,4,61,98.8688518766497,797.3600010871887,2,700.8500061035156,1719.19,Rendimiento Estándar
2024-08-14,5,71,98.64788727021553,828.9799994826317,0,0,82898,Rendimiento Estándar
2024-08-15,1,68,100.02941182431053,925.2199954986572,1,884.72998046875,13727.3,Rendimiento Estándar
2024-08-15,2,47,101.06383004087083,632.1199986934662,2,1100.8699645996094,771.82,Rendimiento Estándar
2024-08-15,3,60,102.01666712760927,878.8599945306778,1,358.95001220703125,2656.77,Rendimiento Estándar
2024-08-15,4,43,101.81395342183667,600.4100009799004,0,0,60041,Rendimiento Estándar
2024-08-15,5,66,100.68181834437631,855.4899957180023,1,141.55999755859375,2303.42,Rendimiento Estándar
2024-08-16,1,51,96.76470581222983,719.4099940657616,0,0,71941,Rendimiento Estándar
2024-08-16,2,70,92.35714324883052,809.7100005745888,0,0,80971,Rendimiento Estándar
2024-08-16,3,51,97.50980430958319,556.6299995779991,0,0,55663,Rendimiento Estándar
2024-08-16,4,54,101.46296278194144,781.6200044155121,0,0,78162,Rendimiento Estándar
2024-08-16,5,60,103.96666646003723,860.2699981927872,0,0,86027,Rendimiento Estándar
2024-08-17,1,43,98.30232595288476,622.6700001955032,1,506.44000244140625,1613.97,Rendimiento Estándar
2024-08-17,2,65,99.63076949119568,824.7000054121017,1,733.1500244140625,2287.02,Rendimiento Estándar
2024-08-17,3,72,97.65277786387337,840.5499995350838,1,803.9500122070312,1797.58,Rendimiento Estándar
2024-08-17,4,62,100.43548307111185,869.9299996495247,1,705.719970703125,2011.86,Rendimiento Estándar
2024-08-17,5,64,95.34374987706542,761.0600008964539,1,387.1199951171875,2483.88,Rendimiento Estándar
2024-08-18,1,60,95.99999984105429,835.8599946498871,0,0,83586,Rendimiento Estándar
2024-08-18,2,48,97.18750032285848,603.1699967384338,0,0,60317,Rendimiento Estándar
2024-08-18,3,62,103.64516079425812,785.3900036811829,1,674.1300048828125,47889.63,Rendimiento Estándar
2024-08-18,4,60,95.84999988476436,877.669998049736,1,279.510009765625,32871.53,Rendimiento Estándar
2024-08-18,5,60,93.86666655540466,811.6299982666969,1,558.22998046875,1954.79,Rendimiento Estándar
2024-08-19,1,52,103.63461535710555,659.6099982261658,0,0,65961,Rendimiento Estándar
2024-08-19,2,62,97.75806463533833,796.900003194809,0,0,79690,Rendimiento Estándar
2024-08-19,3,56,102.00000000851495,648.8099987506866,2,876.52001953125,1179.44,Rendimiento Estándar
2024-08-19,4,64,100.85937501862645,805.2600032091141,1,430.67999267578125,2640.2,Rendimiento Estándar
2024-08-19,5,49,94.85714326099473,642.3799954652786,0,0,64238,Rendimiento Estándar
2024-08-20,1,57,101.22807036366379,746.1399968266487,2,274.1700038909912,1577.46,Rendimiento Estándar
2024-08-20,2,64,99.74999977275729,776.7799997925758,1,728.469970703125,76154.9,Rendimiento Estándar
2024-08-20,3,60,100.30000050862631,801.6099979877472,0,0,80161,Rendimiento Estándar
2024-08-20,4,68,98.60294066807803,802.5300025939941,3,1102.0899963378906,1802.22,Rendimiento Estándar
2024-08-20,5,53,102.56603742545505,703.5499960184097,0,0,70355,Rendimiento Estándar
2024-08-21,1,58,96.34482737245231,664.6199972629547,0,0,66462,Rendimiento Estándar
2024-08-21,2,62,93.96774201623856,821.8199988603592,1,863.239990234375,3388.95,Rendimiento Estándar
2024-08-21,3,42,102.52380881990706,444.12999695539474,0,0,44413,Rendimiento Estándar
2024-08-21,4,70,99.8428567818233,884.8499976396561,0,0,88485,Rendimiento Estándar
2024-08-21,5,55,106.47272738543423,663.7999988794327,0,0,66380,Rendimiento Estándar
2024-08-22,1,52,96.96153883750623,777.6400022506714,2,1190.0299682617188,1597.45,Rendimiento Estándar
2024-08-22,2,67,97.0597010050247,813.500000834465,1,295.3900146484375,11128.59,Rendimiento Estándar
2024-08-22,3,56,97.57142843944686,708.5599996447563,0,0,70856,Rendimiento Estándar
2024-08-22,4,65,100.39999980192917,827.3899964094162,0,0,82739,Rendimiento Estándar
2024-08-22,5,66,97.53030294721778,824.9399925470352,0,0,82494,Rendimiento Estándar
2024-08-23,1,65,94.9384617805481,783.5299990177155,0,0,78353,Rendimiento Estándar
2024-08-23,2,67,104.3134331703186,735.8200007081032,0,0,73582,Rendimiento Estándar
2024-08-23,3,72,104.34722238116794,925.3899952173233,0,0,92539,Rendimiento Estándar
2024-08-23,4,68,96.95588139926686,876.9700024724007,1,852.6099853515625,2981.88,Rendimiento Estándar
2024-08-23,5,53,108.11320768212371,656.0299971699715,0,0,65603,Rendimiento Estándar
2024-08-24,1,69,96.39130424762118,892.5500050187111,0,0,89255,Rendimiento Estándar
2024-08-24,2,60,96.65000011523564,785.6300023198128,0,0,78563,Rendimiento Estándar
2024-08-24,3,50,100.88000035285948,588.1200016736984,1,237.7899932861328,4742.9,Rendimiento Estándar
2024-08-24,4,67,103.9253733051357,900.2400004863739,0,0,90024,Rendimiento Estándar
2024-08-24,5,60,97.38333334525426,785.0200040340424,1,803.5499877929688,3407.2,Rendimiento Estándar
2024-08-25,1,50,96.82000017166138,647.1499955654144,0,0,64715,Rendimiento Estándar
2024-08-25,2,58,100.58620685133441,668.0399963855743,2,1236.6600036621094,944.76,Rendimiento Estándar
2024-08-25,3,68,99.52941203818601,912.2699980139732,1,231.44000244140625,1955.14,Rendimiento Estándar
2024-08-25,4,48,99.125000461936,623.2000023126602,0,0,62320,Rendimiento Estándar
2024-08-25,5,59,96.98305089594955,809.1599961519241,0,0,80916,Rendimiento Estándar
2024-08-26,1,68,101.41176502494251,977.6500009298325,0,0,97765,Rendimiento Estándar
2024-08-26,2,56,97.07142870341029,662.8700023889542,1,832.72998046875,2271.66,Rendimiento Estándar
2024-08-26,3,61,103.50819669786047,694.7400044202805,1,871.2999877929688,3599.69,Rendimiento Estándar
2024-08-26,4,60,93.91666620969772,712.5499982833862,0,0,71255,Rendimiento Estándar
2024-08-26,5,66,101.40909119085832,894.0200033187866,0,0,89402,Rendimiento Estándar
2024-08-27,1,60,105.63333342472711,798.8499979972839,1,880.0800170898438,22824.29,Rendimiento Estándar
2024-08-27,2,60,98.50000033775966,717.7299984693527,0,0,71773,Rendimiento Estándar
2024-08-27,3,57,101.4912280074337,773.8399978876114,0,0,77384,Rendimiento Estándar
2024-08-27,4,58,95.70689663804811,801.8799953460693,1,987.7000122070312,1757.74,Rendimiento Estándar
2024-08-27,5,66,109.83333316716282,838.2999976277351,0,0,83830,Rendimiento Estándar
2024-08-28,1,49,96.87755132208065,589.9600028991699,1,370.6600036621094,2176.17,Rendimiento Estándar
2024-08-28,2,51,100.88235256718654,589.8399969935417,0,0,58984,Rendimiento Estándar
2024-08-28,3,65,101.30769206927373,752.0199980139732,0,0,75202,Rendimiento Estándar
2024-08-28,4,67,101.11940342988541,826.1800009608269,0,0,82618,Rendimiento Estándar
2024-08-28,5,51,99.25490185326221,667.4299944639206,0,0,66743,Rendimiento Estándar
2024-08-29,1,55,102.52727259289134,755.0400024652481,1,771.530029296875,3554.8,Rendimiento Estándar
2024-08-29,2,59,97.0677967798912,730.9800006747246,0,0,73098,Rendimiento Estándar
2024-08-29,3,74,98.83783773795979,1014.5800043940544,0,0,101458,Rendimiento Estándar
2024-08-29,4,68,100.95588187961017,832.6399922370911,0,0,83264,Rendimiento Estándar
2024-08-29,5,60,103.78333330154419,766.4199942350388,0,0,76642,Rendimiento Estándar
2024-08-30,1,53,95.94339638386133,626.3799977302551,0,0,62638,Rendimiento Estándar
2024-08-30,2,66,98.7121214469274,853.869997382164,1,810.22998046875,1927.91,Rendimiento Estándar
2024-08-30,3,56,103.16071414521761,764.8400002717972,0,0,76484,Rendimiento Estándar
2024-08-30,4,57,100.3333334337201,721.5800018906593,0,0,72158,Rendimiento Estándar
2024-08-30,5,48,98.20833317935467,609.2900022268295,0,0,60929,Rendimiento Estándar
2024-08-31,1,54,103.14814845720927,732.5500000119209,2,1190.3499755859375,1650.26,Rendimiento Estándar
2024-08-31,2,64,105.9999999590218,808.1799999475479,0,0,80818,Rendimiento Estándar
2024-08-31,3,49,100.69387725421362,643.1799988150597,0,0,64318,Rendimiento Estándar
2024-08-31,4,63,98.01587225898864,803.7699970602989,0,0,80377,Rendimiento Estándar
2024-08-31,5,60,98.1833325823148,764.6900047063828,0,0,76469,Rendimiento Estándar
2024-09-01,1,68,103.26470566146514,878.6700038909912,0,0,87867,Rendimiento Estándar
2024-09-01,2,54,103.24074085111971,663.260002374649,1,885.1900024414062,10445.04,Rendimiento Estándar
2024-09-01,3,62,100.27419319075923,755.2700006961823,1,82.80000305175781,2131.72,Rendimiento Estándar
2024-09-01,4,43,94.34883733128392,534.5900046825409,1,208.30999755859375,1450.33,Rendimiento Estándar
2024-09-01,5,47,102.95744614398225,556.8799990415573,0,0,55688,Rendimiento Estándar
2024-09-02,1,57,97.31578931473848,663.380005478859,0,0,66338,Rendimiento Estándar
2024-09-02,2,69,101.78260837776074,916.1199951171875,0,0,91612,Rendimiento Estándar
2024-09-02,3,63,95.55555553663343,814.4399982690811,2,1190.9600219726562,1768.98,Rendimiento Estándar
2024-09-02,4,53,102.56603787530143,600.6199989318848,0,0,60062,Rendimiento Estándar
2024-09-02,5,73,98.12328766470087,862.2200029492378,0,0,86222,Rendimiento Estándar
2024-09-03,1,59,96.37288097607887,709.0299976468086,0,0,70903,Rendimiento Estándar
2024-09-03,2,60,98.0833331743876,718.8099975585938,1,685.4400024414062,8639.54,Rendimiento Estándar
2024-09-03,3,59,97.91525420496019,799.540001988411,1,973.6599731445312,2772.33,Rendimiento Estándar
2024-09-03,4,67,97.61193990707397,829.7100023031235,0,0,82971,Rendimiento Estándar
2024-09-03,5,52,98.01923036575317,634.5499961972237,0,0,63455,Rendimiento Estándar
2024-09-04,1,77,103.58441549462158,953.5099990367889,0,0,95351,Rendimiento Estándar
2024-09-04,2,60,98.81666610638301,821.0900036096573,3,1659.2999877929688,630.2,Rendimiento Estándar
2024-09-04,3,64,96.59374970942736,806.2200027704239,1,642.5399780273438,3026.35,Rendimiento Estándar
2024-09-04,4,46,98.28260851942974,605.1399971246719,0,0,60514,Rendimiento Estándar
2024-09-04,5,68,98.47058802843094,882.4499981403351,0,0,88245,Rendimiento Estándar
2024-09-05,1,68,94.02941167354584,812.3200025558472,0,0,81232,Rendimiento Estándar
2024-09-05,2,56,102.42857124124254,735.0899969339371,2,946.510009765625,1569.36,Rendimiento Estándar
2024-09-05,3,81,99.77777747460354,975.7099961638451,0,0,97571,Rendimiento Estándar
2024-09-05,4,60,91.83333327372868,773.8399976491928,0,0,77384,Rendimiento Estándar
2024-09-05,5,55,98.8727273724296,667.6499990820885,2,1378.7100219726562,1766.74,Rendimiento Estándar
2024-09-06,1,59,100.94915325358762,694.9399959445,0,0,69494,Rendimiento Estándar
2024-09-06,2,63,101.1904760012551,735.5499998927116,1,644.760009765625,4088.66,Rendimiento Estándar
2024-09-06,3,49,98.12244931045844,645.3699994087219,1,356.29998779296875,1365.57,Rendimiento Estándar
2024-09-06,4,62,100.67741851652823,792.7799991369247,0,0,79278,Rendimiento Estándar
2024-09-06,5,61,99.29508205320015,808.480001449585,0,0,80848,Rendimiento Estándar
2024-09-07,1,75,102.93333355585735,940.8199986219406,1,364.239990234375,50581.72,Rendimiento Estándar
2024-09-07,2,69,101.85507224953693,802.310002207756,0,0,80231,Rendimiento Estándar
2024-09-07,3,62,98.24193562230757,832.9499981403351,0,0,83295,Rendimiento Estándar
2024-09-07,4,73,97.86301328711313,986.9700001478195,2,1067.3800354003906,2456.37,Rendimiento Estándar
2024-09-07,5,51,100.70588179663116,588.3900025486946,1,282.5199890136719,1317.78,Rendimiento Estándar
2024-09-08,1,64,100.28125066310167,775.2400025129318,1,266.5899963378906,1861.77,Rendimiento Estándar
2024-09-08,2,60,100.90000033378601,764.0999975204468,1,229.72000122070312,1881.56,Rendimiento Estándar
2024-09-08,3,60,102.71666586399077,741.2300025820732,1,626.3200073242188,4915.32,Rendimiento Estándar
2024-09-08,4,63,100.36507939535475,774.4500002861023,0,0,77445,Rendimiento Estándar
2024-09-08,5,61,103.49180297773393,700.5800023674965,0,0,70058,Rendimiento Estándar
2024-09-09,1,49,101.61224567160315,689.5600066184998,1,915.1300048828125,4358.79,Rendimiento Estándar
2024-09-09,2,59,107.0677969415309,604.9099975824356,0,0,60491,Rendimiento Estándar
2024-09-09,3,61,102.57377038236524,812.0099979639053,0,0,81201,Rendimiento Estándar
2024-09-09,4,66,102.21212081836933,863.4500008821487,2,999.2300109863281,2492.64,Rendimiento Estándar
2024-09-09,5,65,105.61538412020757,807.8599969148636,0,0,80786,Rendimiento Estándar
2024-09-10,1,52,104.05769187670488,641.0200016498566,0,0,64102,Rendimiento Estándar
2024-09-10,2,63,95.0158731331901,704.7799950838089,0,0,70478,Rendimiento Estándar
2024-09-10,3,56,107.80357111777579,783.6499963998795,2,746.7899951934814,1853.04,Rendimiento Estándar
2024-09-10,4,64,96.31249997764826,741.6700021624565,0,0,74167,Rendimiento Estándar
2024-09-10,5,67,100.70149249105312,851.4400019049644,0,0,85144,Rendimiento Estándar
2024-09-11,1,69,99.31883993356124,941.2099961042404,0,0,94121,Rendimiento Estándar
2024-09-11,2,74,106.60810784713641,1027.4300003647804,1,481.2900085449219,5326.23,Rendimiento Estándar
2024-09-11,3,68,97.82352964667713,857.9299964904785,1,573.8400268554688,5860.18,Rendimiento Estándar
2024-09-11,4,51,96.333333791471,680.0299997329712,0,0,68003,Rendimiento Estándar
2024-09-11,5,53,96.67924462624316,799.3900000452995,1,801.3699951171875,4019.05,Rendimiento Estándar
2024-09-12,1,71,101.92957763940515,879.5399968028069,1,53.630001068115234,2631.78,Rendimiento Estándar
2024-09-12,2,50,103.64000034332275,582.6000038981438,0,0,58260,Rendimiento Estándar
2024-09-12,3,60,104.16666666666667,717.0299993157387,0,0,71703,Rendimiento Estándar
2024-09-12,4,62,103.9838707254779,770.5299961566925,1,602.72998046875,2725.61,Rendimiento Estándar
2024-09-12,5,73,99.02739704471745,836.8900033831596,1,551.6500244140625,3544.64,Rendimiento Estándar
2024-09-13,1,53,93.07547166662397,700.5699959397316,0,0,70057,Rendimiento Estándar
2024-09-13,2,69,97.81159369841866,993.8500020503998,0,0,99385,Rendimiento Estándar
2024-09-13,3,71,99.52112662960107,861.1400029063225,2,666.8099975585938,1426.67,Rendimiento Estándar
2024-09-13,4,66,100.04545477303593,806.0299953222275,0,0,80603,Rendimiento Estándar
2024-09-13,5,64,101.90625032410026,844.7199991941452,0,0,84472,Rendimiento Estándar
2024-09-14,1,54,106.42592597890783,703.2899958491325,0,0,70329,Rendimiento Estándar
2024-09-14,2,57,98.24561413965726,804.4000046253204,0,0,80440,Rendimiento Estándar
2024-09-14,3,67,100.59701426705318,743.4999966621399,0,0,74350,Rendimiento Estándar
2024-09-14,4,68,97.76470555978662,762.809999704361,2,1330.510009765625,1296.19,Rendimiento Estándar
2024-09-14,5,51,102.74509764185137,648.7900004982948,1,863.1500244140625,1777.99,Rendimiento Estándar
2024-09-15,1,67,101.49253740239499,896.4099984169006,1,73.88999938964844,1933.17,Rendimiento Estándar
2024-09-15,2,71,96.64788724670947,1001.4700031876564,0,0,100147,Rendimiento Estándar
2024-09-15,3,66,97.54545426729953,870.4299984574318,0,0,87043,Rendimiento Estándar
2024-09-15,4,69,95.85507244303606,920.5000006556511,2,815.9299621582031,2373.03,Rendimiento Estándar
2024-09-15,5,62,101.59677411279371,796.2900017499924,0,0,79629,Rendimiento Estándar
2024-09-16,1,67,101.53731383494477,776.5700023174286,0,0,77657,Rendimiento Estándar
2024-09-16,2,54,98.66666683444271,599.8299987912178,1,432.1700134277344,2222.42,Rendimiento Estándar
2024-09-16,3,44,101.84090896086259,590.6199979782104,0,0,59062,Rendimiento Estándar
2024-09-16,4,69,100.82608677338862,853.420002579689,0,0,85342,Rendimiento Estándar
2024-09-16,5,63,97.69841243350317,813.000004529953,1,87.51000213623047,3662.16,Rendimiento Estándar
2024-09-17,1,57,96.10526321227091,772.3700021505356,1,6.349999904632568,3861.85,Rendimiento Estándar
2024-09-17,2,54,100.55555568801032,648.6699997186661,2,1534.3400268554688,1923.12,Rendimiento Estándar
2024-09-17,3,61,97.67213072933134,733.040000796318,2,577.2000122070312,1100.17,Rendimiento Estándar
2024-09-17,4,58,102.37931023383963,719.7099996805191,0,0,71971,Rendimiento Estándar
2024-09-17,5,73,97.83561605296724,979.4499984383583,0,0,97945,Rendimiento Estándar
2024-09-18,1,75,101.13333376248677,912.630009829998,0,0,91263,Rendimiento Estándar
2024-09-18,2,61,100.81967222886009,777.1499960422516,0,0,77715,Rendimiento Estándar
2024-09-18,3,48,105.87500010927518,632.1400023698807,0,0,63214,Rendimiento Estándar
2024-09-18,4,70,96.60000034740993,842.7000050544739,0,0,84270,Rendimiento Estándar
2024-09-18,5,62,97.88709667421156,702.7200055122375,0,0,70272,Rendimiento Estándar
2024-09-19,1,69,100.66666637641796,886.0199908018112,1,632.1799926757812,1773.46,Rendimiento Estándar
2024-09-19,2,43,104.58139486091082,460.37999868392944,2,825.9199829101562,808.39,Rendimiento Estándar
2024-09-19,3,54,98.37037026882172,607.0499961972237,0,0,60705,Rendimiento Estándar
2024-09-19,4,64,101.82812493294477,829.6600008010864,0,0,82966,Rendimiento Estándar
2024-09-19,5,44,99.6818179433996,559.1900001764297,1,701.3200073242188,1197.15,Rendimiento Estándar
2024-09-20,1,62,100.09677390898429,798.8600008487701,0,0,79886,Rendimiento Estándar
2024-09-20,2,72,98.3055554330349,969.6300027370453,0,0,96963,Rendimiento Estándar
2024-09-20,3,68,99.77941153680577,897.0799921751022,1,563.7100219726562,4586.3,Rendimiento Estándar
2024-09-20,4,65,99.84615417627188,895.1800027489662,0,0,89518,Rendimiento Estándar
2024-09-20,5,58,96.53448256953008,725.2099984288216,0,0,72521,Rendimiento Estándar
2024-09-21,1,52,102.09615345184619,679.3700011968613,0,0,67937,Rendimiento Estándar
2024-09-21,2,68,97.52941166653353,943.1200019717216,0,0,94312,Rendimiento Estándar
2024-09-21,3,59,96.64406816838151,700.3799954652786,0,0,70038,Rendimiento Estándar
2024-09-21,4,63,98.92063472006056,820.5700016021729,1,408.8999938964844,7852.34,Rendimiento Estándar
2024-09-21,5,69,102.9565213383108,927.7700058221817,1,659.4000244140625,12386.78,Rendimiento Estándar
2024-09-22,1,49,98.95918369293213,615.3799988031387,0,0,61538,Rendimiento Estándar
2024-09-22,2,61,101.2295078058712,780.7199963331223,1,122.08000183105469,38649.51,Rendimiento Estándar
2024-09-22,3,63,101.52380986819192,845.5099960565567,0,0,84551,Rendimiento Estándar
2024-09-22,4,64,96.85937510803342,789.3500024080276,1,739.989990234375,2255.93,Rendimiento Estándar
2024-09-22,5,52,102.24999957359755,642.5600028038025,2,1140.5099792480469,975.65,Rendimiento Estándar
2024-09-23,1,52,101.15384665819316,707.4300010204315,1,56.720001220703125,5784.38,Rendimiento Estándar
2024-09-23,2,48,98.14583398401737,603.8699987530708,0,0,60387,Rendimiento Estándar
2024-09-23,3,63,98.23809502616761,803.9899945259094,0,0,80399,Rendimiento Estándar
2024-09-23,4,57,98.63157941584002,651.8300067782402,0,0,65183,Rendimiento Estándar
2024-09-23,5,48,100.22916706899802,676.4299974441528,2,1094.6199798583984,1789.97,Rendimiento Estándar
2024-09-24,1,68,100.86764666964025,888.1500049233437,1,843.6699829101562,2081.93,Rendimiento Estándar
2024-09-24,2,65,98.07692353542035,854.030003786087,1,550.1599731445312,3659.08,Rendimiento Estándar
2024-09-24,3,46,100.7391298594682,591.4400012493134,1,994.4299926757812,1208.99,Rendimiento Estándar
2024-09-24,4,56,99.08928519913128,664.4100041389465,2,634.8599853515625,1441.55,Rendimiento Estándar
2024-09-24,5,63,99.26984120929052,838.9099992513657,0,0,83891,Rendimiento Estándar
2024-09-25,1,61,100.04918076952949,727.7099970579147,0,0,72771,Rendimiento Estándar
2024-09-25,2,50,102.74000024795534,607.0800023078918,0,0,60708,Rendimiento Estándar
2024-09-25,3,72,103.43055509858661,828.3599983453751,0,0,82836,Rendimiento Estándar
2024-09-25,4,66,102.39393864617203,835.6900024414062,0,0,83569,Rendimiento Estándar
2024-09-25,5,62,98.11290262206909,775.3499935269356,2,717.22998046875,1342.6,Rendimiento Estándar
2024-09-26,1,63,104.88888886239793,856.2399981021881,0,0,85624,Rendimiento Estándar
2024-09-26,2,67,97.47761194385699,837.3799951076508,1,339.7799987792969,3600.09,Rendimiento Estándar
2024-09-26,3,62,97.30645177825805,797.9800049066544,2,1710.1499633789062,1723.87,Rendimiento Estándar
2024-09-26,4,70,104.20000016689302,995.8000009059906,1,586.8400268554688,68675.86,Rendimiento Estándar
2024-09-26,5,59,100.71186453609143,741.1399949789047,2,601.0499954223633,1362.39,Rendimiento Estándar
2024-09-27,1,54,98.51851860682169,676.9099998474121,0,0,67691,Rendimiento Estándar
2024-09-27,2,52,98.2884611074741,751.5700024366379,0,0,75157,Rendimiento Estándar
2024-09-27,3,60,101.5666667620341,853.9999994039536,0,0,85400,Rendimiento Estándar
2024-09-27,4,45,90.46666648652818,552.2899972200394,2,1217.4899597167969,1251.51,Rendimiento Estándar
2024-09-27,5,65,97.61538478044363,827.0299950838089,0,0,82703,Rendimiento Estándar
2024-09-28,1,53,104.5283021791926,707.8899998664856,1,835.9600219726562,2616.97,Rendimiento Estándar
2024-09-28,2,68,102.36764707986046,878.499999165535,0,0,87850,Rendimiento Estándar
2024-09-28,3,64,98.5781249590218,732.140003323555,1,175.97999572753906,20003.82,Rendimiento Estándar
2024-09-28,4,61,94.80327856345255,770.1600006222725,0,0,77016,Rendimiento Estándar
2024-09-28,5,67,96.99999992527178,768.0699970126152,1,977.0999755859375,4839.76,Rendimiento Estándar
2024-09-29,1,57,99.5087718754484,791.6299991607666,0,0,79163,Rendimiento Estándar
2024-09-29,2,59,101.2033895920899,751.8900002837181,1,915.1300048828125,1603.18,Rendimiento Estándar
2024-09-29,3,68,99.50000030152938,906.4399933815002,2,322.9699935913086,1808.9,Rendimiento Estándar
2024-09-29,4,70,102.01428532600403,898.9099969267845,0,0,89891,Rendimiento Estándar
2024-09-29,5,58,100.96551693719009,713.8100000619888,0,0,71381,Rendimiento Estándar
2024-09-30,1,70,101.64285702364786,946.0899950265884,0,0,94609,Rendimiento Estándar
2024-09-30,2,56,99.66071418353489,734.0300015211105,1,863.9000244140625,1920.54,Rendimiento Estándar
2024-09-30,3,60,101.6500003139178,764.0099974274635,2,1212.2900085449219,1731.66,Rendimiento Estándar
2024-09-30,4,59,95.64406730360903,901.8499984741211,1,397.510009765625,2758.79,Rendimiento Estándar
2024-09-30,5,58,97.1206901402309,646.4699999690056,2,548.3499908447266,1226.23,Rendimiento Estándar
2024-10-01,1,80,101.88750073313713,1201.3299936056137,1,761.72998046875,6904.2,Rendimiento Estándar
2024-10-01,2,45,106.66666653421191,640.9800028204918,1,738.4000244140625,3154.43,Rendimiento Estándar
2024-10-01,3,60,97.2666663924853,722.8900018930435,0,0,72289,Rendimiento Estándar
2024-10-01,4,63,96.71428534719679,828.9700029492378,0,0,82897,Rendimiento Estándar
2024-10-01,5,70,99.7857141494751,858.8500007987022,1,135.91000366210938,1919.65,Rendimiento Estándar
2024-10-02,1,63,95.58730153810411,774.7500034570694,0,0,77475,Rendimiento Estándar
2024-10-02,2,54,100.83333320087857,722.649999499321,0,0,72265,Rendimiento Estándar
2024-10-02,3,68,97.2941172473571,937.4700013399124,0,0,93747,Rendimiento Estándar
2024-10-02,4,53,96.26415057002373,813.7100036144257,1,421.1700134277344,1717.41,Rendimiento Estándar
2024-10-02,5,61,100.31147560135263,674.4099982976913,1,832.8499755859375,24172.4,Rendimiento Estándar
2024-10-03,1,60,96.11666689316432,822.9400008320808,0,0,82294,Rendimiento Estándar
2024-10-03,2,81,102.72839452013558,947.9899977445602,1,669.4299926757812,80338.14,Rendimiento Estándar
2024-10-03,3,61,101.34426257649407,730.0799994468689,0,0,73008,Rendimiento Estándar
2024-10-03,4,55,100.61818166212602,622.1700004935265,0,0,62217,Rendimiento Estándar
2024-10-03,5,61,99.6885247894975,851.3899989128113,2,951.2099914550781,1070.12,Rendimiento Estándar
2024-10-04,1,64,97.37499943003058,808.1599976420403,1,674.3099975585938,2741.38,Rendimiento Estándar
2024-10-04,2,65,100.23076956088725,846.7599974870682,2,1772.8800048828125,2279.3,Rendimiento Estándar
2024-10-04,3,51,99.0000002524432,641.009999871254,0,0,64101,Rendimiento Estándar
2024-10-04,4,52,104.61538468415921,646.7000017166138,0,0,64670,Rendimiento Estándar
2024-10-04,5,62,98.25806492759335,763.590000808239,1,441.5400085449219,4434.32,Rendimiento Estándar
2024-10-05,1,65,101.52307611245375,830.1100035905838,1,415.9100036621094,7498.74,Rendimiento Estándar
2024-10-05,2,64,99.65625023469329,823.7899983525276,1,133.3000030517578,4670.01,Rendimiento Estándar
2024-10-05,3,51,98.92156860407661,650.3200008869171,1,670.5399780273438,1833.44,Rendimiento Estándar
2024-10-05,4,72,102.87499949336052,833.1099988818169,0,0,83311,Rendimiento Estándar
2024-10-05,5,58,105.39655120208347,808.5799936056137,0,0,80858,Rendimiento Estándar
2024-10-06,1,40,107.6749999821186,478.2400047779083,1,422.92999267578125,1390.23,Rendimiento Estándar
2024-10-06,2,65,101.2307698910053,887.6299962997437,0,0,88763,Rendimiento Estándar
2024-10-06,3,75,100.1200000445048,1035.9900006055832,1,228.1199951171875,3091.58,Rendimiento Estándar
2024-10-06,4,64,98.15624970942736,788.7899984121323,2,1012.3200073242188,856.08,Rendimiento Estándar
2024-10-06,5,54,101.81481451899916,704.4100016355515,2,1290.3900146484375,3367.16,Rendimiento Estándar
